Run	Assay	Platform	Type	Experiment	Instrument	Isolation_Source	Library	Name	AvgSpotLen	Bases	BioProject	BioSample	BioSampleModel	Bytes	Center	Name	Collection_date	Consent	DATASTORE	filetype	DATASTORE	provider	DATASTORE	region	geo_loc_name_country	geo_loc_name_country_continent	geo_loc_name	HOST	Lat_Lon	LibraryLayout	LibrarySelection	LibrarySource	Organism	ReleaseDate	Sample	Name	SRA	Study	Isolate					
SRR16124179	WGS	M_HY_35	291	China	Illumina	NovaSeq	intestinal	fecal	10053316516	PRJNA763023	SAMN21877132	Metagenome	or	environmental	3170037472	LC-BIO	TECHNOLOGY	CO	01/01/2018	public	fastq,sra	gs,ncbi,s3	gs.US,ncbi.public,s3.us-east-1	SRX12409785	Asia	China:Shanghai	Homo	sapiens	6000	31	N	121	E	PAIRED	RANDOM	METAGENOMIC	human	gut	metagenome	ILLUMINA	2021-10-24T00:00:00Z	SRP336949		
SRR16124180	WGS	M_HY_34	289	China	Illumina	NovaSeq	intestinal	fecal	9935672970	PRJNA763023	SAMN21877131	Metagenome	or	environmental	3139299437	LC-BIO	TECHNOLOGY	CO	01/01/2018	public	fastq,sra	gs,ncbi,s3	gs.US,ncbi.public,s3.us-east-1	SRX12409784	Asia	China:Shanghai	Homo	sapiens	6000	31	N	121	E	PAIRED	RANDOM	METAGENOMIC	human	gut	metagenome	ILLUMINA	2021-10-24T00:00:00Z	SRP336949		
SRR16124181	WGS	M_HY_33	289	China	Illumina	NovaSeq	intestinal	fecal	10099058552	PRJNA763023	SAMN21877130	Metagenome	or	environmental	3207143359	LC-BIO	TECHNOLOGY	CO	01/01/2018	public	fastq,sra	gs,ncbi,s3	gs.US,ncbi.public,s3.us-east-1	SRX12409783	Asia	China:Shanghai	Homo	sapiens	6000	31	N	121	E	PAIRED	RANDOM	METAGENOMIC	human	gut	metagenome	ILLUMINA	2021-10-24T00:00:00Z	SRP336949		
SRR16124184	WGS	M_HY_30	291	China	Illumina	NovaSeq	intestinal	fecal	11029463431	PRJNA763023	SAMN21877127	Metagenome	or	environmental	3469877844	LC-BIO	TECHNOLOGY	CO	01/01/2018	public	fastq,sra	gs,ncbi,s3	gs.US,ncbi.public,s3.us-east-1	SRX12409780	Asia	China:Shanghai	Homo	sapiens	6000	31	N	121	E	PAIRED	RANDOM	METAGENOMIC	human	gut	metagenome	ILLUMINA	2021-10-24T00:00:00Z	SRP336949		
SRR16124187	WGS	M_HY_27	292	China	Illumina	NovaSeq	intestinal	fecal	11258301186	PRJNA763023	SAMN21877124	Metagenome	or	environmental	3615286297	LC-BIO	TECHNOLOGY	CO	01/01/2018	public	fastq,sra	gs,ncbi,s3	gs.US,ncbi.public,s3.us-east-1	SRX12409777	Asia	China:Shanghai	Homo	sapiens	6000	31	N	121	E	PAIRED	RANDOM	METAGENOMIC	human	gut	metagenome	ILLUMINA	2021-10-24T00:00:00Z	SRP336949		
SRR16124201	WGS	M_HY_18B	290	China	Illumina	NovaSeq	intestinal	fecal	10657943855	PRJNA763023	SAMN21877112	Metagenome	or	environmental	3349585961	LC-BIO	TECHNOLOGY	CO	01/01/2018	public	fastq,sra	gs,ncbi,s3	gs.US,ncbi.public,s3.us-east-1	SRX12409763	Asia	China:Shanghai	Homo	sapiens	6000	31	N	121	E	PAIRED	RANDOM	METAGENOMIC	human	gut	metagenome	ILLUMINA	2021-10-24T00:00:00Z	SRP336949		
SRR16124213	WGS	M_HY_09	292	China	Illumina	NovaSeq	intestinal	fecal	13967507796	PRJNA763023	SAMN21877101	Metagenome	or	environmental	4665884259	LC-BIO	TECHNOLOGY	CO	01/01/2018	public	fastq,sra	gs,ncbi,s3	gs.US,ncbi.public,s3.us-east-1	SRX12409751	Asia	China:Shanghai	Homo	sapiens	6000	31	N	121	E	PAIRED	RANDOM	METAGENOMIC	human	gut	metagenome	ILLUMINA	2021-10-24T00:00:00Z	SRP336949		
SRR16124190	WGS	M_HY_25	290	China	Illumina	NovaSeq	intestinal	fecal	10737013458	PRJNA763023	SAMN21877122	Metagenome	or	environmental	3400649553	LC-BIO	TECHNOLOGY	CO	01/01/2018	public	fastq,sra	gs,ncbi,s3	gs.US,ncbi.public,s3.us-east-1	SRX12409774	Asia	China:Shanghai	Homo	sapiens	6000	31	N	121	E	PAIRED	RANDOM	METAGENOMIC	human	gut	metagenome	ILLUMINA	2021-10-24T00:00:00Z	SRP336949		
SRR16124194	WGS	M_HY_21B	291	China	Illumina	NovaSeq	intestinal	fecal	11165073259	PRJNA763023	SAMN21877118	Metagenome	or	environmental	3529252575	LC-BIO	TECHNOLOGY	CO	01/01/2018	public	fastq,sra	gs,ncbi,s3	gs.US,ncbi.public,s3.us-east-1	SRX12409770	Asia	China:Shanghai	Homo	sapiens	6000	31	N	121	E	PAIRED	RANDOM	METAGENOMIC	human	gut	metagenome	ILLUMINA	2021-10-24T00:00:00Z	SRP336949		
SRR16124195	WGS	M_HY_21A	289	China	Illumina	NovaSeq	intestinal	fecal	11181632944	PRJNA763023	SAMN21877117	Metagenome	or	environmental	3530358650	LC-BIO	TECHNOLOGY	CO	01/01/2018	public	fastq,sra	gs,ncbi,s3	gs.US,ncbi.public,s3.us-east-1	SRX12409769	Asia	China:Shanghai	Homo	sapiens	6000	31	N	121	E	PAIRED	RANDOM	METAGENOMIC	human	gut	metagenome	ILLUMINA	2021-10-24T00:00:00Z	SRP336949		
SRR16124197	WGS	M_HY_20A	287	China	Illumina	NovaSeq	intestinal	fecal	12407219441	PRJNA763023	SAMN21877115	Metagenome	or	environmental	3904341874	LC-BIO	TECHNOLOGY	CO	01/01/2018	public	fastq,sra	gs,ncbi,s3	gs.US,ncbi.public,s3.us-east-1	SRX12409767	Asia	China:Shanghai	Homo	sapiens	6000	31	N	121	E	PAIRED	RANDOM	METAGENOMIC	human	gut	metagenome	ILLUMINA	2021-10-24T00:00:00Z	SRP336949		
SRR16124198	WGS	M_HY_19B	291	China	Illumina	NovaSeq	intestinal	fecal	9914851430	PRJNA763023	SAMN21877114	Metagenome	or	environmental	3147348616	LC-BIO	TECHNOLOGY	CO	01/01/2018	public	fastq,sra	gs,ncbi,s3	gs.US,ncbi.public,s3.us-east-1	SRX12409766	Asia	China:Shanghai	Homo	sapiens	6000	31	N	121	E	PAIRED	RANDOM	METAGENOMIC	human	gut	metagenome	ILLUMINA	2021-10-24T00:00:00Z	SRP336949		
SRR16124199	WGS	M_HY_19A	289	China	Illumina	NovaSeq	intestinal	fecal	10888015004	PRJNA763023	SAMN21877113	Metagenome	or	environmental	3464671388	LC-BIO	TECHNOLOGY	CO	01/01/2018	public	fastq,sra	gs,ncbi,s3	gs.US,ncbi.public,s3.us-east-1	SRX12409765	Asia	China:Shanghai	Homo	sapiens	6000	31	N	121	E	PAIRED	RANDOM	METAGENOMIC	human	gut	metagenome	ILLUMINA	2021-10-24T00:00:00Z	SRP336949		
SRR16124168	WGS	M_HY_45	290	China	Illumina	NovaSeq	intestinal	fecal	10229140861	PRJNA763023	SAMN21877142	Metagenome	or	environmental	3308653094	LC-BIO	TECHNOLOGY	CO	01/01/2018	public	fastq,sra	gs,ncbi,s3	gs.US,ncbi.public,s3.us-east-1	SRX12409796	Asia	China:Shanghai	Homo	sapiens	6000	31	N	121	E	PAIRED	RANDOM	METAGENOMIC	human	gut	metagenome	ILLUMINA	2021-10-24T00:00:00Z	SRP336949		
SRR16124169	WGS	M_HY_44	290	China	Illumina	NovaSeq	intestinal	fecal	9506236209	PRJNA763023	SAMN21877141	Metagenome	or	environmental	3006959798	LC-BIO	TECHNOLOGY	CO	01/01/2018	public	fastq,sra	gs,ncbi,s3	gs.US,ncbi.public,s3.us-east-1	SRX12409795	Asia	China:Shanghai	Homo	sapiens	6000	31	N	121	E	PAIRED	RANDOM	METAGENOMIC	human	gut	metagenome	ILLUMINA	2021-10-24T00:00:00Z	SRP336949		
SRR16124172	WGS	M_HY_41	290	China	Illumina	NovaSeq	intestinal	fecal	10053982843	PRJNA763023	SAMN21877138	Metagenome	or	environmental	3145378412	LC-BIO	TECHNOLOGY	CO	01/01/2018	public	fastq,sra	gs,ncbi,s3	gs.US,ncbi.public,s3.us-east-1	SRX12409792	Asia	China:Shanghai	Homo	sapiens	6000	31	N	121	E	PAIRED	RANDOM	METAGENOMIC	human	gut	metagenome	ILLUMINA	2021-10-24T00:00:00Z	SRP336949		
SRR16124175	WGS	M_HY_38	293	China	Illumina	NovaSeq	intestinal	fecal	9890978025	PRJNA763023	SAMN21877135	Metagenome	or	environmental	3092316279	LC-BIO	TECHNOLOGY	CO	01/01/2018	public	fastq,sra	gs,ncbi,s3	gs.US,ncbi.public,s3.us-east-1	SRX12409789	Asia	China:Shanghai	Homo	sapiens	6000	31	N	121	E	PAIRED	RANDOM	METAGENOMIC	human	gut	metagenome	ILLUMINA	2021-10-24T00:00:00Z	SRP336949		
SRR16124177	WGS	M_HY_36	290	China	Illumina	NovaSeq	intestinal	fecal	10599513109	PRJNA763023	SAMN21877133	Metagenome	or	environmental	3307925505	LC-BIO	TECHNOLOGY	CO	01/01/2018	public	fastq,sra	gs,ncbi,s3	gs.US,ncbi.public,s3.us-east-1	SRX12409787	Asia	China:Shanghai	Homo	sapiens	6000	31	N	121	E	PAIRED	RANDOM	METAGENOMIC	human	gut	metagenome	ILLUMINA	2021-10-24T00:00:00Z	SRP336949		
SRR16124182	WGS	M_HY_32	292	China	Illumina	NovaSeq	intestinal	fecal	10580671872	PRJNA763023	SAMN21877129	Metagenome	or	environmental	3343748232	LC-BIO	TECHNOLOGY	CO	01/01/2018	public	fastq,sra	gs,ncbi,s3	gs.US,ncbi.public,s3.us-east-1	SRX12409782	Asia	China:Shanghai	Homo	sapiens	6000	31	N	121	E	PAIRED	RANDOM	METAGENOMIC	human	gut	metagenome	ILLUMINA	2021-10-24T00:00:00Z	SRP336949		
SRR16124183	WGS	M_HY_31	288	China	Illumina	NovaSeq	intestinal	fecal	10607152749	PRJNA763023	SAMN21877128	Metagenome	or	environmental	3341295411	LC-BIO	TECHNOLOGY	CO	01/01/2018	public	fastq,sra	gs,ncbi,s3	gs.US,ncbi.public,s3.us-east-1	SRX12409781	Asia	China:Shanghai	Homo	sapiens	6000	31	N	121	E	PAIRED	RANDOM	METAGENOMIC	human	gut	metagenome	ILLUMINA	2021-10-24T00:00:00Z	SRP336949		
SRR16124185	WGS	M_HY_29	295	China	Illumina	NovaSeq	intestinal	fecal	11150554363	PRJNA763023	SAMN21877126	Metagenome	or	environmental	3584986897	LC-BIO	TECHNOLOGY	CO	01/01/2018	public	fastq,sra	gs,ncbi,s3	gs.US,ncbi.public,s3.us-east-1	SRX12409779	Asia	China:Shanghai	Homo	sapiens	6000	31	N	121	E	PAIRED	RANDOM	METAGENOMIC	human	gut	metagenome	ILLUMINA	2021-10-24T00:00:00Z	SRP336949		
SRR16124186	WGS	M_HY_28	290	China	Illumina	NovaSeq	intestinal	fecal	10135395151	PRJNA763023	SAMN21877125	Metagenome	or	environmental	3201352182	LC-BIO	TECHNOLOGY	CO	01/01/2018	public	fastq,sra	gs,ncbi,s3	gs.US,ncbi.public,s3.us-east-1	SRX12409778	Asia	China:Shanghai	Homo	sapiens	6000	31	N	121	E	PAIRED	RANDOM	METAGENOMIC	human	gut	metagenome	ILLUMINA	2021-10-24T00:00:00Z	SRP336949		
SRR16124188	WGS	M_HY_26	291	China	Illumina	NovaSeq	intestinal	fecal	11257411784	PRJNA763023	SAMN21877123	Metagenome	or	environmental	3554206327	LC-BIO	TECHNOLOGY	CO	01/01/2018	public	fastq,sra	gs,ncbi,s3	gs.US,ncbi.public,s3.us-east-1	SRX12409776	Asia	China:Shanghai	Homo	sapiens	6000	31	N	121	E	PAIRED	RANDOM	METAGENOMIC	human	gut	metagenome	ILLUMINA	2021-10-24T00:00:00Z	SRP336949		
SRR16124214	WGS	M_HY_08	287	China	Illumina	NovaSeq	intestinal	fecal	9420825188	PRJNA763023	SAMN21877100	Metagenome	or	environmental	3137250855	LC-BIO	TECHNOLOGY	CO	01/01/2018	public	fastq,sra	gs,ncbi,s3	gs.US,ncbi.public,s3.us-east-1	SRX12409750	Asia	China:Shanghai	Homo	sapiens	6000	31	N	121	E	PAIRED	RANDOM	METAGENOMIC	human	gut	metagenome	ILLUMINA	2021-10-24T00:00:00Z	SRP336949		
SRR16124215	WGS	M_HY_07	282	China	Illumina	NovaSeq	intestinal	fecal	9711709148	PRJNA763023	SAMN21877099	Metagenome	or	environmental	3242195812	LC-BIO	TECHNOLOGY	CO	01/01/2018	public	fastq,sra	gs,ncbi,s3	gs.US,ncbi.public,s3.us-east-1	SRX12409749	Asia	China:Shanghai	Homo	sapiens	6000	31	N	121	E	PAIRED	RANDOM	METAGENOMIC	human	gut	metagenome	ILLUMINA	2021-10-24T00:00:00Z	SRP336949		
SRR16124216	WGS	M_HY_06	288	China	Illumina	NovaSeq	intestinal	fecal	7839358663	PRJNA763023	SAMN21877098	Metagenome	or	environmental	2638730763	LC-BIO	TECHNOLOGY	CO	01/01/2018	public	fastq,sra	gs,ncbi,s3	gs.US,ncbi.public,s3.us-east-1	SRX12409748	Asia	China:Shanghai	Homo	sapiens	6000	31	N	121	E	PAIRED	RANDOM	METAGENOMIC	human	gut	metagenome	ILLUMINA	2021-10-24T00:00:00Z	SRP336949		
SRR16124219	WGS	M_HY_03	284	China	Illumina	NovaSeq	intestinal	fecal	11212550015	PRJNA763023	SAMN21877095	Metagenome	or	environmental	3754509247	LC-BIO	TECHNOLOGY	CO	01/01/2018	public	fastq,sra	gs,ncbi,s3	gs.US,ncbi.public,s3.us-east-1	SRX12409745	Asia	China:Shanghai	Homo	sapiens	6000	31	N	121	E	PAIRED	RANDOM	METAGENOMIC	human	gut	metagenome	ILLUMINA	2021-10-24T00:00:00Z	SRP336949		
SRR16124220	WGS	M_HY_02	285	China	Illumina	NovaSeq	intestinal	fecal	9634741654	PRJNA763023	SAMN21877094	Metagenome	or	environmental	3224799169	LC-BIO	TECHNOLOGY	CO	01/01/2018	public	fastq,sra	gs,ncbi,s3	gs.US,ncbi.public,s3.us-east-1	SRX12409744	Asia	China:Shanghai	Homo	sapiens	6000	31	N	121	E	PAIRED	RANDOM	METAGENOMIC	human	gut	metagenome	ILLUMINA	2021-10-24T00:00:00Z	SRP336949		
SRR16124204	WGS	M_HY_17A	283	China	Illumina	NovaSeq	intestinal	fecal	9752162007	PRJNA763023	SAMN21877109	Metagenome	or	environmental	3290174353	LC-BIO	TECHNOLOGY	CO	01/01/2018	public	fastq,sra	gs,ncbi,s3	gs.US,ncbi.public,s3.us-east-1	SRX12409760	Asia	China:Shanghai	Homo	sapiens	6000	31	N	121	E	PAIRED	RANDOM	METAGENOMIC	human	gut	metagenome	ILLUMINA	2021-10-24T00:00:00Z	SRP336949		
SRR16124207	WGS	M_HY_14	286	China	Illumina	NovaSeq	intestinal	fecal	8497399507	PRJNA763023	SAMN21877106	Metagenome	or	environmental	2699170787	LC-BIO	TECHNOLOGY	CO	01/01/2018	public	fastq,sra	gs,ncbi,s3	gs.US,ncbi.public,s3.us-east-1	SRX12409757	Asia	China:Shanghai	Homo	sapiens	6000	31	N	121	E	PAIRED	RANDOM	METAGENOMIC	human	gut	metagenome	ILLUMINA	2021-10-24T00:00:00Z	SRP336949		
SRR16124208	WGS	M_HY_13	281	China	Illumina	NovaSeq	intestinal	fecal	10478266293	PRJNA763023	SAMN21877105	Metagenome	or	environmental	3250664604	LC-BIO	TECHNOLOGY	CO	01/01/2018	public	fastq,sra	gs,ncbi,s3	gs.US,ncbi.public,s3.us-east-1	SRX12409756	Asia	China:Shanghai	Homo	sapiens	6000	31	N	121	E	PAIRED	RANDOM	METAGENOMIC	human	gut	metagenome	ILLUMINA	2021-10-24T00:00:00Z	SRP336949		
SRR16124209	WGS	M_HY_12	283	China	Illumina	NovaSeq	intestinal	fecal	11264685206	PRJNA763023	SAMN21877104	Metagenome	or	environmental	3526084322	LC-BIO	TECHNOLOGY	CO	01/01/2018	public	fastq,sra	gs,ncbi,s3	gs.US,ncbi.public,s3.us-east-1	SRX12409755	Asia	China:Shanghai	Homo	sapiens	6000	31	N	121	E	PAIRED	RANDOM	METAGENOMIC	human	gut	metagenome	ILLUMINA	2021-10-24T00:00:00Z	SRP336949		
SRR16124191	WGS	M_HY_24	291	China	Illumina	NovaSeq	intestinal	fecal	10483500808	PRJNA763023	SAMN21877121	Metagenome	or	environmental	3318481442	LC-BIO	TECHNOLOGY	CO	01/01/2018	public	fastq,sra	gs,ncbi,s3	gs.US,ncbi.public,s3.us-east-1	SRX12409773	Asia	China:Shanghai	Homo	sapiens	6000	31	N	121	E	PAIRED	RANDOM	METAGENOMIC	human	gut	metagenome	ILLUMINA	2021-10-24T00:00:00Z	SRP336949		
SRR16124192	WGS	M_HY_23	289	China	Illumina	NovaSeq	intestinal	fecal	10714060389	PRJNA763023	SAMN21877120	Metagenome	or	environmental	3388514675	LC-BIO	TECHNOLOGY	CO	01/01/2018	public	fastq,sra	gs,ncbi,s3	gs.US,ncbi.public,s3.us-east-1	SRX12409772	Asia	China:Shanghai	Homo	sapiens	6000	31	N	121	E	PAIRED	RANDOM	METAGENOMIC	human	gut	metagenome	ILLUMINA	2021-10-24T00:00:00Z	SRP336949		
SRR16124193	WGS	M_HY_22	292	China	Illumina	NovaSeq	intestinal	fecal	10383401783	PRJNA763023	SAMN21877119	Metagenome	or	environmental	3282866500	LC-BIO	TECHNOLOGY	CO	01/01/2018	public	fastq,sra	gs,ncbi,s3	gs.US,ncbi.public,s3.us-east-1	SRX12409771	Asia	China:Shanghai	Homo	sapiens	6000	31	N	121	E	PAIRED	RANDOM	METAGENOMIC	human	gut	metagenome	ILLUMINA	2021-10-24T00:00:00Z	SRP336949		
SRR16124196	WGS	M_HY_20B	293	China	Illumina	NovaSeq	intestinal	fecal	11139545914	PRJNA763023	SAMN21877116	Metagenome	or	environmental	3543724730	LC-BIO	TECHNOLOGY	CO	01/01/2018	public	fastq,sra	gs,ncbi,s3	gs.US,ncbi.public,s3.us-east-1	SRX12409768	Asia	China:Shanghai	Homo	sapiens	6000	31	N	121	E	PAIRED	RANDOM	METAGENOMIC	human	gut	metagenome	ILLUMINA	2021-10-24T00:00:00Z	SRP336949		
SRR16124202	WGS	M_HY_18A	291	China	Illumina	NovaSeq	intestinal	fecal	10545875579	PRJNA763023	SAMN21877111	Metagenome	or	environmental	3318730620	LC-BIO	TECHNOLOGY	CO	01/01/2018	public	fastq,sra	gs,ncbi,s3	gs.US,ncbi.public,s3.us-east-1	SRX12409762	Asia	China:Shanghai	Homo	sapiens	6000	31	N	121	E	PAIRED	RANDOM	METAGENOMIC	human	gut	metagenome	ILLUMINA	2021-10-24T00:00:00Z	SRP336949		
SRR16124203	WGS	M_HY_17B	293	China	Illumina	NovaSeq	intestinal	fecal	10486575868	PRJNA763023	SAMN21877110	Metagenome	or	environmental	3322838100	LC-BIO	TECHNOLOGY	CO	01/01/2018	public	fastq,sra	gs,ncbi,s3	gs.US,ncbi.public,s3.us-east-1	SRX12409761	Asia	China:Shanghai	Homo	sapiens	6000	31	N	121	E	PAIRED	RANDOM	METAGENOMIC	human	gut	metagenome	ILLUMINA	2021-10-24T00:00:00Z	SRP336949		
SRR16124205	WGS	M_HY_16	287	China	Illumina	NovaSeq	intestinal	fecal	10249704050	PRJNA763023	SAMN21877108	Metagenome	or	environmental	3428051422	LC-BIO	TECHNOLOGY	CO	01/01/2018	public	fastq,sra	gs,ncbi,s3	gs.US,ncbi.public,s3.us-east-1	SRX12409759	Asia	China:Shanghai	Homo	sapiens	6000	31	N	121	E	PAIRED	RANDOM	METAGENOMIC	human	gut	metagenome	ILLUMINA	2021-10-24T00:00:00Z	SRP336949		
SRR16124206	WGS	M_HY_15	283	China	Illumina	NovaSeq	intestinal	fecal	8496378009	PRJNA763023	SAMN21877107	Metagenome	or	environmental	2699746607	LC-BIO	TECHNOLOGY	CO	01/01/2018	public	fastq,sra	gs,ncbi,s3	gs.US,ncbi.public,s3.us-east-1	SRX12409758	Asia	China:Shanghai	Homo	sapiens	6000	31	N	121	E	PAIRED	RANDOM	METAGENOMIC	human	gut	metagenome	ILLUMINA	2021-10-24T00:00:00Z	SRP336949		
SRR16124210	WGS	M_HY_11	285	China	Illumina	NovaSeq	intestinal	fecal	10428801913	PRJNA763023	SAMN21877103	Metagenome	or	environmental	3501807944	LC-BIO	TECHNOLOGY	CO	01/01/2018	public	fastq,sra	gs,ncbi,s3	gs.US,ncbi.public,s3.us-east-1	SRX12409754	Asia	China:Shanghai	Homo	sapiens	6000	31	N	121	E	PAIRED	RANDOM	METAGENOMIC	human	gut	metagenome	ILLUMINA	2021-10-24T00:00:00Z	SRP336949		
SRR16124212	WGS	M_HY_10	288	China	Illumina	NovaSeq	intestinal	fecal	12115450039	PRJNA763023	SAMN21877102	Metagenome	or	environmental	4035700716	LC-BIO	TECHNOLOGY	CO	01/01/2018	public	fastq,sra	gs,ncbi,s3	gs.US,ncbi.public,s3.us-east-1	SRX12409752	Asia	China:Shanghai	Homo	sapiens	6000	31	N	121	E	PAIRED	RANDOM	METAGENOMIC	human	gut	metagenome	ILLUMINA	2021-10-24T00:00:00Z	SRP336949		
SRR16124217	WGS	M_HY_05	286	China	Illumina	NovaSeq	intestinal	fecal	11576688943	PRJNA763023	SAMN21877097	Metagenome	or	environmental	3883465433	LC-BIO	TECHNOLOGY	CO	01/01/2018	public	fastq,sra	gs,ncbi,s3	gs.US,ncbi.public,s3.us-east-1	SRX12409747	Asia	China:Shanghai	Homo	sapiens	6000	31	N	121	E	PAIRED	RANDOM	METAGENOMIC	human	gut	metagenome	ILLUMINA	2021-10-24T00:00:00Z	SRP336949		
SRR16124218	WGS	M_HY_04	284	China	Illumina	NovaSeq	intestinal	fecal	9716656233	PRJNA763023	SAMN21877096	Metagenome	or	environmental	3241713080	LC-BIO	TECHNOLOGY	CO	01/01/2018	public	fastq,sra	gs,ncbi,s3	gs.US,ncbi.public,s3.us-east-1	SRX12409746	Asia	China:Shanghai	Homo	sapiens	6000	31	N	121	E	PAIRED	RANDOM	METAGENOMIC	human	gut	metagenome	ILLUMINA	2021-10-24T00:00:00Z	SRP336949		
SRR16124221	WGS	M_HY_01	286	China	Illumina	NovaSeq	intestinal	fecal	9973442892	PRJNA763023	SAMN21877093	Metagenome	or	environmental	3326943959	LC-BIO	TECHNOLOGY	CO	01/01/2018	public	fastq,sra	gs,ncbi,s3	gs.US,ncbi.public,s3.us-east-1	SRX12409743	Asia	China:Shanghai	Homo	sapiens	6000	31	N	121	E	PAIRED	RANDOM	METAGENOMIC	human	gut	metagenome	ILLUMINA	2021-10-24T00:00:00Z	SRP336949		
SRR16124170	WGS	M_HY_43	291	China	Illumina	NovaSeq	intestinal	fecal	10382388763	PRJNA763023	SAMN21877140	Metagenome	or	environmental	3258769731	LC-BIO	TECHNOLOGY	CO	01/01/2018	public	fastq,sra	gs,ncbi,s3	gs.US,ncbi.public,s3.us-east-1	SRX12409794	Asia	China:Shanghai	Homo	sapiens	6000	31	N	121	E	PAIRED	RANDOM	METAGENOMIC	human	gut	metagenome	ILLUMINA	2021-10-24T00:00:00Z	SRP336949		
SRR16124171	WGS	M_HY_42	288	China	Illumina	NovaSeq	intestinal	fecal	9643502392	PRJNA763023	SAMN21877139	Metagenome	or	environmental	3037410731	LC-BIO	TECHNOLOGY	CO	01/01/2018	public	fastq,sra	gs,ncbi,s3	gs.US,ncbi.public,s3.us-east-1	SRX12409793	Asia	China:Shanghai	Homo	sapiens	6000	31	N	121	E	PAIRED	RANDOM	METAGENOMIC	human	gut	metagenome	ILLUMINA	2021-10-24T00:00:00Z	SRP336949		
SRR16124173	WGS	M_HY_40	291	China	Illumina	NovaSeq	intestinal	fecal	10368376193	PRJNA763023	SAMN21877137	Metagenome	or	environmental	3243012251	LC-BIO	TECHNOLOGY	CO	01/01/2018	public	fastq,sra	gs,ncbi,s3	gs.US,ncbi.public,s3.us-east-1	SRX12409791	Asia	China:Shanghai	Homo	sapiens	6000	31	N	121	E	PAIRED	RANDOM	METAGENOMIC	human	gut	metagenome	ILLUMINA	2021-10-24T00:00:00Z	SRP336949		
SRR16124174	WGS	M_HY_39	291	China	Illumina	NovaSeq	intestinal	fecal	11125218722	PRJNA763023	SAMN21877136	Metagenome	or	environmental	3502858037	LC-BIO	TECHNOLOGY	CO	01/01/2018	public	fastq,sra	gs,ncbi,s3	gs.US,ncbi.public,s3.us-east-1	SRX12409790	Asia	China:Shanghai	Homo	sapiens	6000	31	N	121	E	PAIRED	RANDOM	METAGENOMIC	human	gut	metagenome	ILLUMINA	2021-10-24T00:00:00Z	SRP336949		
SRR16124176	WGS	M_HY_37	288	China	Illumina	NovaSeq	intestinal	fecal	9827012245	PRJNA763023	SAMN21877134	Metagenome	or	environmental	3088453628	LC-BIO	TECHNOLOGY	CO	01/01/2018	public	fastq,sra	gs,ncbi,s3	gs.US,ncbi.public,s3.us-east-1	SRX12409788	Asia	China:Shanghai	Homo	sapiens	6000	31	N	121	E	PAIRED	RANDOM	METAGENOMIC	human	gut	metagenome	ILLUMINA	2021-10-24T00:00:00Z	SRP336949		
SRR16124256	WGS	M_Y_136	286	China	Illumina	NovaSeq	intestinal	fecal	9283803541	PRJNA763023	SAMN21877242	Metagenome	or	environmental	3012698285	LC-BIO	TECHNOLOGY	CO	01/01/2018	public	fastq,sra	gs,ncbi,s3	gs.US,ncbi.public,s3.us-east-1	SRX12409708	Asia	China:Shanghai	Homo	sapiens	6000	31	N	121	E	PAIRED	RANDOM	METAGENOMIC	human	gut	metagenome	ILLUMINA	2021-10-24T00:00:00Z	SRP336949		
SRR16124258	WGS	M_Y_134	291	China	Illumina	NovaSeq	intestinal	fecal	11383296892	PRJNA763023	SAMN21877240	Metagenome	or	environmental	3623777578	LC-BIO	TECHNOLOGY	CO	01/01/2018	public	fastq,sra	gs,ncbi,s3	gs.US,ncbi.public,s3.us-east-1	SRX12409706	Asia	China:Shanghai	Homo	sapiens	6000	31	N	121	E	PAIRED	RANDOM	METAGENOMIC	human	gut	metagenome	ILLUMINA	2021-10-24T00:00:00Z	SRP336949		
SRR16124259	WGS	M_Y_133	290	China	Illumina	NovaSeq	intestinal	fecal	12256324788	PRJNA763023	SAMN21877239	Metagenome	or	environmental	3967528561	LC-BIO	TECHNOLOGY	CO	01/01/2018	public	fastq,sra	gs,ncbi,s3	gs.US,ncbi.public,s3.us-east-1	SRX12409705	Asia	China:Shanghai	Homo	sapiens	6000	31	N	121	E	PAIRED	RANDOM	METAGENOMIC	human	gut	metagenome	ILLUMINA	2021-10-24T00:00:00Z	SRP336949		
SRR16124257	WGS	M_Y_135	288	China	Illumina	NovaSeq	intestinal	fecal	10054963637	PRJNA763023	SAMN21877241	Metagenome	or	environmental	3208581789	LC-BIO	TECHNOLOGY	CO	01/01/2018	public	fastq,sra	gs,ncbi,s3	gs.US,ncbi.public,s3.us-east-1	SRX12409707	Asia	China:Shanghai	Homo	sapiens	6000	31	N	121	E	PAIRED	RANDOM	METAGENOMIC	human	gut	metagenome	ILLUMINA	2021-10-24T00:00:00Z	SRP336949		
SRR16124260	WGS	M_Y_132	290	China	Illumina	NovaSeq	intestinal	fecal	12228794910	PRJNA763023	SAMN21877238	Metagenome	or	environmental	3888668358	LC-BIO	TECHNOLOGY	CO	01/01/2018	public	fastq,sra	gs,ncbi,s3	gs.US,ncbi.public,s3.us-east-1	SRX12409704	Asia	China:Shanghai	Homo	sapiens	6000	31	N	121	E	PAIRED	RANDOM	METAGENOMIC	human	gut	metagenome	ILLUMINA	2021-10-24T00:00:00Z	SRP336949		
SRR16124261	WGS	M_Y_131	287	China	Illumina	NovaSeq	intestinal	fecal	13355070934	PRJNA763023	SAMN21877237	Metagenome	or	environmental	4248244749	LC-BIO	TECHNOLOGY	CO	01/01/2018	public	fastq,sra	gs,ncbi,s3	gs.US,ncbi.public,s3.us-east-1	SRX12409703	Asia	China:Shanghai	Homo	sapiens	6000	31	N	121	E	PAIRED	RANDOM	METAGENOMIC	human	gut	metagenome	ILLUMINA	2021-10-24T00:00:00Z	SRP336949		
SRR16124263	WGS	M_Y_13	285	China	Illumina	NovaSeq	intestinal	fecal	10060940880	PRJNA763023	SAMN21877235	Metagenome	or	environmental	3353348334	LC-BIO	TECHNOLOGY	CO	01/01/2018	public	fastq,sra	gs,ncbi,s3	gs.US,ncbi.public,s3.us-east-1	SRX12409701	Asia	China:Shanghai	Homo	sapiens	6000	31	N	121	E	PAIRED	RANDOM	METAGENOMIC	human	gut	metagenome	ILLUMINA	2021-10-24T00:00:00Z	SRP336949		
SRR16124269	WGS	M_Y_125	290	China	Illumina	NovaSeq	intestinal	fecal	10035649638	PRJNA763023	SAMN21877230	Metagenome	or	environmental	3221791336	LC-BIO	TECHNOLOGY	CO	01/01/2018	public	fastq,sra	gs,ncbi,s3	gs.US,ncbi.public,s3.us-east-1	SRX12409695	Asia	China:Shanghai	Homo	sapiens	6000	31	N	121	E	PAIRED	RANDOM	METAGENOMIC	human	gut	metagenome	ILLUMINA	2021-10-24T00:00:00Z	SRP336949		
SRR16124271	WGS	M_Y_123	293	China	Illumina	NovaSeq	intestinal	fecal	10268973285	PRJNA763023	SAMN21877228	Metagenome	or	environmental	3271561998	LC-BIO	TECHNOLOGY	CO	01/01/2018	public	fastq,sra	gs,ncbi,s3	gs.US,ncbi.public,s3.us-east-1	SRX12409693	Asia	China:Shanghai	Homo	sapiens	6000	31	N	121	E	PAIRED	RANDOM	METAGENOMIC	human	gut	metagenome	ILLUMINA	2021-10-24T00:00:00Z	SRP336949		
SRR16124273	WGS	M_Y_121	285	China	Illumina	NovaSeq	intestinal	fecal	11662413705	PRJNA763023	SAMN21877226	Metagenome	or	environmental	3691175450	LC-BIO	TECHNOLOGY	CO	01/01/2018	public	fastq,sra	gs,ncbi,s3	gs.US,ncbi.public,s3.us-east-1	SRX12409691	Asia	China:Shanghai	Homo	sapiens	6000	31	N	121	E	PAIRED	RANDOM	METAGENOMIC	human	gut	metagenome	ILLUMINA	2021-10-24T00:00:00Z	SRP336949		
SRR16124276	WGS	M_Y_119	290	China	Illumina	NovaSeq	intestinal	fecal	15447753455	PRJNA763023	SAMN21877223	Metagenome	or	environmental	4935141324	LC-BIO	TECHNOLOGY	CO	01/01/2018	public	fastq,sra	gs,ncbi,s3	gs.US,ncbi.public,s3.us-east-1	SRX12409688	Asia	China:Shanghai	Homo	sapiens	6000	31	N	121	E	PAIRED	RANDOM	METAGENOMIC	human	gut	metagenome	ILLUMINA	2021-10-24T00:00:00Z	SRP336949		
SRR16124280	WGS	M_Y_116	289	China	Illumina	NovaSeq	intestinal	fecal	14635502423	PRJNA763023	SAMN21877220	Metagenome	or	environmental	4654209827	LC-BIO	TECHNOLOGY	CO	01/01/2018	public	fastq,sra	gs,ncbi,s3	gs.US,ncbi.public,s3.us-east-1	SRX12409684	Asia	China:Shanghai	Homo	sapiens	6000	31	N	121	E	PAIRED	RANDOM	METAGENOMIC	human	gut	metagenome	ILLUMINA	2021-10-24T00:00:00Z	SRP336949		
SRR16124285	WGS	M_Y_111	290	China	Illumina	NovaSeq	intestinal	fecal	10755652165	PRJNA763023	SAMN21877215	Metagenome	or	environmental	3411181108	LC-BIO	TECHNOLOGY	CO	01/01/2018	public	fastq,sra	gs,ncbi,s3	gs.US,ncbi.public,s3.us-east-1	SRX12409679	Asia	China:Shanghai	Homo	sapiens	6000	31	N	121	E	PAIRED	RANDOM	METAGENOMIC	human	gut	metagenome	ILLUMINA	2021-10-24T00:00:00Z	SRP336949		
SRR16124287	WGS	M_Y_11	280	China	Illumina	NovaSeq	intestinal	fecal	10728182971	PRJNA763023	SAMN21877213	Metagenome	or	environmental	3609364571	LC-BIO	TECHNOLOGY	CO	01/01/2018	public	fastq,sra	gs,ncbi,s3	gs.US,ncbi.public,s3.us-east-1	SRX12409677	Asia	China:Shanghai	Homo	sapiens	6000	31	N	121	E	PAIRED	RANDOM	METAGENOMIC	human	gut	metagenome	ILLUMINA	2021-10-24T00:00:00Z	SRP336949		
SRR16124292	WGS	M_Y_106	290	China	Illumina	NovaSeq	intestinal	fecal	10427817044	PRJNA763023	SAMN21877209	Metagenome	or	environmental	3327972225	LC-BIO	TECHNOLOGY	CO	01/01/2018	public	fastq,sra	gs,ncbi,s3	gs.US,ncbi.public,s3.us-east-1	SRX12409672	Asia	China:Shanghai	Homo	sapiens	6000	31	N	121	E	PAIRED	RANDOM	METAGENOMIC	human	gut	metagenome	ILLUMINA	2021-10-24T00:00:00Z	SRP336949		
SRR16124293	WGS	M_Y_105	284	China	Illumina	NovaSeq	intestinal	fecal	10916326528	PRJNA763023	SAMN21877208	Metagenome	or	environmental	3511607062	LC-BIO	TECHNOLOGY	CO	01/01/2018	public	fastq,sra	gs,ncbi,s3	gs.US,ncbi.public,s3.us-east-1	SRX12409671	Asia	China:Shanghai	Homo	sapiens	6000	31	N	121	E	PAIRED	RANDOM	METAGENOMIC	human	gut	metagenome	ILLUMINA	2021-10-24T00:00:00Z	SRP336949		
SRR16124294	WGS	M_Y_104	289	China	Illumina	NovaSeq	intestinal	fecal	11034605130	PRJNA763023	SAMN21877207	Metagenome	or	environmental	3540720212	LC-BIO	TECHNOLOGY	CO	01/01/2018	public	fastq,sra	gs,ncbi,s3	gs.US,ncbi.public,s3.us-east-1	SRX12409670	Asia	China:Shanghai	Homo	sapiens	6000	31	N	121	E	PAIRED	RANDOM	METAGENOMIC	human	gut	metagenome	ILLUMINA	2021-10-24T00:00:00Z	SRP336949		
SRR16124296	WGS	M_Y_102	285	China	Illumina	NovaSeq	intestinal	fecal	11578463113	PRJNA763023	SAMN21877205	Metagenome	or	environmental	3669806757	LC-BIO	TECHNOLOGY	CO	01/01/2018	public	fastq,sra	gs,ncbi,s3	gs.US,ncbi.public,s3.us-east-1	SRX12409668	Asia	China:Shanghai	Homo	sapiens	6000	31	N	121	E	PAIRED	RANDOM	METAGENOMIC	human	gut	metagenome	ILLUMINA	2021-10-24T00:00:00Z	SRP336949		
SRR16124297	WGS	M_Y_101	287	China	Illumina	NovaSeq	intestinal	fecal	9125013738	PRJNA763023	SAMN21877204	Metagenome	or	environmental	2890713361	LC-BIO	TECHNOLOGY	CO	01/01/2018	public	fastq,sra	gs,ncbi,s3	gs.US,ncbi.public,s3.us-east-1	SRX12409667	Asia	China:Shanghai	Homo	sapiens	6000	31	N	121	E	PAIRED	RANDOM	METAGENOMIC	human	gut	metagenome	ILLUMINA	2021-10-24T00:00:00Z	SRP336949		
SRR16124301	WGS	M_Y_09	287	China	Illumina	NovaSeq	intestinal	fecal	10064545253	PRJNA763023	SAMN21877201	Metagenome	or	environmental	3368675242	LC-BIO	TECHNOLOGY	CO	01/01/2018	public	fastq,sra	gs,ncbi,s3	gs.US,ncbi.public,s3.us-east-1	SRX12409663	Asia	China:Shanghai	Homo	sapiens	6000	31	N	121	E	PAIRED	RANDOM	METAGENOMIC	human	gut	metagenome	ILLUMINA	2021-10-24T00:00:00Z	SRP336949		
SRR16124304	WGS	M_Y_06	287	China	Illumina	NovaSeq	intestinal	fecal	11799422815	PRJNA763023	SAMN21877198	Metagenome	or	environmental	3932219305	LC-BIO	TECHNOLOGY	CO	01/01/2018	public	fastq,sra	gs,ncbi,s3	gs.US,ncbi.public,s3.us-east-1	SRX12409660	Asia	China:Shanghai	Homo	sapiens	6000	31	N	121	E	PAIRED	RANDOM	METAGENOMIC	human	gut	metagenome	ILLUMINA	2021-10-24T00:00:00Z	SRP336949		
SRR16124306	WGS	M_Y_04	287	China	Illumina	NovaSeq	intestinal	fecal	9257098378	PRJNA763023	SAMN21877196	Metagenome	or	environmental	3090319496	LC-BIO	TECHNOLOGY	CO	01/01/2018	public	fastq,sra	gs,ncbi,s3	gs.US,ncbi.public,s3.us-east-1	SRX12409658	Asia	China:Shanghai	Homo	sapiens	6000	31	N	121	E	PAIRED	RANDOM	METAGENOMIC	human	gut	metagenome	ILLUMINA	2021-10-24T00:00:00Z	SRP336949		
SRR16124308	WGS	M_Y_02	293	China	Illumina	NovaSeq	intestinal	fecal	11401043076	PRJNA763023	SAMN21877194	Metagenome	or	environmental	3808434571	LC-BIO	TECHNOLOGY	CO	01/01/2018	public	fastq,sra	gs,ncbi,s3	gs.US,ncbi.public,s3.us-east-1	SRX12409656	Asia	China:Shanghai	Homo	sapiens	6000	31	N	121	E	PAIRED	RANDOM	METAGENOMIC	human	gut	metagenome	ILLUMINA	2021-10-24T00:00:00Z	SRP336949		
SRR16124262	WGS	M_Y_130	290	China	Illumina	NovaSeq	intestinal	fecal	13835765030	PRJNA763023	SAMN21877236	Metagenome	or	environmental	4371536315	LC-BIO	TECHNOLOGY	CO	01/01/2018	public	fastq,sra	gs,ncbi,s3	gs.US,ncbi.public,s3.us-east-1	SRX12409702	Asia	China:Shanghai	Homo	sapiens	6000	31	N	121	E	PAIRED	RANDOM	METAGENOMIC	human	gut	metagenome	ILLUMINA	2021-10-24T00:00:00Z	SRP336949		
SRR16124264	WGS	M_Y_129	289	China	Illumina	NovaSeq	intestinal	fecal	11273961170	PRJNA763023	SAMN21877234	Metagenome	or	environmental	3602659833	LC-BIO	TECHNOLOGY	CO	01/01/2018	public	fastq,sra	gs,ncbi,s3	gs.US,ncbi.public,s3.us-east-1	SRX12409700	Asia	China:Shanghai	Homo	sapiens	6000	31	N	121	E	PAIRED	RANDOM	METAGENOMIC	human	gut	metagenome	ILLUMINA	2021-10-24T00:00:00Z	SRP336949		
SRR16124265	WGS	M_Y_128	289	China	Illumina	NovaSeq	intestinal	fecal	12308028289	PRJNA763023	SAMN21877233	Metagenome	or	environmental	3879234828	LC-BIO	TECHNOLOGY	CO	01/01/2018	public	fastq,sra	gs,ncbi,s3	gs.US,ncbi.public,s3.us-east-1	SRX12409699	Asia	China:Shanghai	Homo	sapiens	6000	31	N	121	E	PAIRED	RANDOM	METAGENOMIC	human	gut	metagenome	ILLUMINA	2021-10-24T00:00:00Z	SRP336949		
SRR16124267	WGS	M_Y_127	290	China	Illumina	NovaSeq	intestinal	fecal	17004754425	PRJNA763023	SAMN21877232	Metagenome	or	environmental	5410655096	LC-BIO	TECHNOLOGY	CO	01/01/2018	public	fastq,sra	gs,ncbi,s3	gs.US,ncbi.public,s3.us-east-1	SRX12409697	Asia	China:Shanghai	Homo	sapiens	6000	31	N	121	E	PAIRED	RANDOM	METAGENOMIC	human	gut	metagenome	ILLUMINA	2021-10-24T00:00:00Z	SRP336949		
SRR16124268	WGS	M_Y_126	284	China	Illumina	NovaSeq	intestinal	fecal	11860491100	PRJNA763023	SAMN21877231	Metagenome	or	environmental	3789497848	LC-BIO	TECHNOLOGY	CO	01/01/2018	public	fastq,sra	gs,ncbi,s3	gs.US,ncbi.public,s3.us-east-1	SRX12409696	Asia	China:Shanghai	Homo	sapiens	6000	31	N	121	E	PAIRED	RANDOM	METAGENOMIC	human	gut	metagenome	ILLUMINA	2021-10-24T00:00:00Z	SRP336949		
SRR16124270	WGS	M_Y_124	291	China	Illumina	NovaSeq	intestinal	fecal	12637653165	PRJNA763023	SAMN21877229	Metagenome	or	environmental	4038405532	LC-BIO	TECHNOLOGY	CO	01/01/2018	public	fastq,sra	gs,ncbi,s3	gs.US,ncbi.public,s3.us-east-1	SRX12409694	Asia	China:Shanghai	Homo	sapiens	6000	31	N	121	E	PAIRED	RANDOM	METAGENOMIC	human	gut	metagenome	ILLUMINA	2021-10-24T00:00:00Z	SRP336949		
SRR16124272	WGS	M_Y_122	289	China	Illumina	NovaSeq	intestinal	fecal	10408906127	PRJNA763023	SAMN21877227	Metagenome	or	environmental	3326043071	LC-BIO	TECHNOLOGY	CO	01/01/2018	public	fastq,sra	gs,ncbi,s3	gs.US,ncbi.public,s3.us-east-1	SRX12409692	Asia	China:Shanghai	Homo	sapiens	6000	31	N	121	E	PAIRED	RANDOM	METAGENOMIC	human	gut	metagenome	ILLUMINA	2021-10-24T00:00:00Z	SRP336949		
SRR16124274	WGS	M_Y_120	288	China	Illumina	NovaSeq	intestinal	fecal	11371566739	PRJNA763023	SAMN21877225	Metagenome	or	environmental	3588279936	LC-BIO	TECHNOLOGY	CO	01/01/2018	public	fastq,sra	gs,ncbi,s3	gs.US,ncbi.public,s3.us-east-1	SRX12409690	Asia	China:Shanghai	Homo	sapiens	6000	31	N	121	E	PAIRED	RANDOM	METAGENOMIC	human	gut	metagenome	ILLUMINA	2021-10-24T00:00:00Z	SRP336949		
SRR16124275	WGS	M_Y_12	284	China	Illumina	NovaSeq	intestinal	fecal	11145009446	PRJNA763023	SAMN21877224	Metagenome	or	environmental	3740647353	LC-BIO	TECHNOLOGY	CO	01/01/2018	public	fastq,sra	gs,ncbi,s3	gs.US,ncbi.public,s3.us-east-1	SRX12409689	Asia	China:Shanghai	Homo	sapiens	6000	31	N	121	E	PAIRED	RANDOM	METAGENOMIC	human	gut	metagenome	ILLUMINA	2021-10-24T00:00:00Z	SRP336949		
SRR16124278	WGS	M_Y_118	287	China	Illumina	NovaSeq	intestinal	fecal	14588119294	PRJNA763023	SAMN21877222	Metagenome	or	environmental	4699072457	LC-BIO	TECHNOLOGY	CO	01/01/2018	public	fastq,sra	gs,ncbi,s3	gs.US,ncbi.public,s3.us-east-1	SRX12409686	Asia	China:Shanghai	Homo	sapiens	6000	31	N	121	E	PAIRED	RANDOM	METAGENOMIC	human	gut	metagenome	ILLUMINA	2021-10-24T00:00:00Z	SRP336949		
SRR16124279	WGS	M_Y_117	289	China	Illumina	NovaSeq	intestinal	fecal	18020007009	PRJNA763023	SAMN21877221	Metagenome	or	environmental	5703279263	LC-BIO	TECHNOLOGY	CO	01/01/2018	public	fastq,sra	gs,ncbi,s3	gs.US,ncbi.public,s3.us-east-1	SRX12409685	Asia	China:Shanghai	Homo	sapiens	6000	31	N	121	E	PAIRED	RANDOM	METAGENOMIC	human	gut	metagenome	ILLUMINA	2021-10-24T00:00:00Z	SRP336949		
SRR16124281	WGS	M_Y_115	290	China	Illumina	NovaSeq	intestinal	fecal	12340523467	PRJNA763023	SAMN21877219	Metagenome	or	environmental	3895747163	LC-BIO	TECHNOLOGY	CO	01/01/2018	public	fastq,sra	gs,ncbi,s3	gs.US,ncbi.public,s3.us-east-1	SRX12409683	Asia	China:Shanghai	Homo	sapiens	6000	31	N	121	E	PAIRED	RANDOM	METAGENOMIC	human	gut	metagenome	ILLUMINA	2021-10-24T00:00:00Z	SRP336949		
SRR16124282	WGS	M_Y_114	286	China	Illumina	NovaSeq	intestinal	fecal	10821656834	PRJNA763023	SAMN21877218	Metagenome	or	environmental	3461513776	LC-BIO	TECHNOLOGY	CO	01/01/2018	public	fastq,sra	gs,ncbi,s3	gs.US,ncbi.public,s3.us-east-1	SRX12409682	Asia	China:Shanghai	Homo	sapiens	6000	31	N	121	E	PAIRED	RANDOM	METAGENOMIC	human	gut	metagenome	ILLUMINA	2021-10-24T00:00:00Z	SRP336949		
SRR16124283	WGS	M_Y_113	289	China	Illumina	NovaSeq	intestinal	fecal	10119106512	PRJNA763023	SAMN21877217	Metagenome	or	environmental	3260065114	LC-BIO	TECHNOLOGY	CO	01/01/2018	public	fastq,sra	gs,ncbi,s3	gs.US,ncbi.public,s3.us-east-1	SRX12409681	Asia	China:Shanghai	Homo	sapiens	6000	31	N	121	E	PAIRED	RANDOM	METAGENOMIC	human	gut	metagenome	ILLUMINA	2021-10-24T00:00:00Z	SRP336949		
SRR16124284	WGS	M_Y_112	289	China	Illumina	NovaSeq	intestinal	fecal	12148207998	PRJNA763023	SAMN21877216	Metagenome	or	environmental	3865270580	LC-BIO	TECHNOLOGY	CO	01/01/2018	public	fastq,sra	gs,ncbi,s3	gs.US,ncbi.public,s3.us-east-1	SRX12409680	Asia	China:Shanghai	Homo	sapiens	6000	31	N	121	E	PAIRED	RANDOM	METAGENOMIC	human	gut	metagenome	ILLUMINA	2021-10-24T00:00:00Z	SRP336949		
SRR16124286	WGS	M_Y_110	290	China	Illumina	NovaSeq	intestinal	fecal	11073624359	PRJNA763023	SAMN21877214	Metagenome	or	environmental	3522003754	LC-BIO	TECHNOLOGY	CO	01/01/2018	public	fastq,sra	gs,ncbi,s3	gs.US,ncbi.public,s3.us-east-1	SRX12409678	Asia	China:Shanghai	Homo	sapiens	6000	31	N	121	E	PAIRED	RANDOM	METAGENOMIC	human	gut	metagenome	ILLUMINA	2021-10-24T00:00:00Z	SRP336949		
SRR16124289	WGS	M_Y_109	289	China	Illumina	NovaSeq	intestinal	fecal	9977901347	PRJNA763023	SAMN21877212	Metagenome	or	environmental	3186269759	LC-BIO	TECHNOLOGY	CO	01/01/2018	public	fastq,sra	gs,ncbi,s3	gs.US,ncbi.public,s3.us-east-1	SRX12409675	Asia	China:Shanghai	Homo	sapiens	6000	31	N	121	E	PAIRED	RANDOM	METAGENOMIC	human	gut	metagenome	ILLUMINA	2021-10-24T00:00:00Z	SRP336949		
SRR16124290	WGS	M_Y_108	291	China	Illumina	NovaSeq	intestinal	fecal	9024815388	PRJNA763023	SAMN21877211	Metagenome	or	environmental	2873407539	LC-BIO	TECHNOLOGY	CO	01/01/2018	public	fastq,sra	gs,ncbi,s3	gs.US,ncbi.public,s3.us-east-1	SRX12409674	Asia	China:Shanghai	Homo	sapiens	6000	31	N	121	E	PAIRED	RANDOM	METAGENOMIC	human	gut	metagenome	ILLUMINA	2021-10-24T00:00:00Z	SRP336949		
SRR16124291	WGS	M_Y_107	286	China	Illumina	NovaSeq	intestinal	fecal	10047063344	PRJNA763023	SAMN21877210	Metagenome	or	environmental	3272151870	LC-BIO	TECHNOLOGY	CO	01/01/2018	public	fastq,sra	gs,ncbi,s3	gs.US,ncbi.public,s3.us-east-1	SRX12409673	Asia	China:Shanghai	Homo	sapiens	6000	31	N	121	E	PAIRED	RANDOM	METAGENOMIC	human	gut	metagenome	ILLUMINA	2021-10-24T00:00:00Z	SRP336949		
SRR16124295	WGS	M_Y_103	288	China	Illumina	NovaSeq	intestinal	fecal	8360356424	PRJNA763023	SAMN21877206	Metagenome	or	environmental	2672290731	LC-BIO	TECHNOLOGY	CO	01/01/2018	public	fastq,sra	gs,ncbi,s3	gs.US,ncbi.public,s3.us-east-1	SRX12409669	Asia	China:Shanghai	Homo	sapiens	6000	31	N	121	E	PAIRED	RANDOM	METAGENOMIC	human	gut	metagenome	ILLUMINA	2021-10-24T00:00:00Z	SRP336949		
SRR16124298	WGS	M_Y_100	287	China	Illumina	NovaSeq	intestinal	fecal	11681688787	PRJNA763023	SAMN21877203	Metagenome	or	environmental	3660682139	LC-BIO	TECHNOLOGY	CO	01/01/2018	public	fastq,sra	gs,ncbi,s3	gs.US,ncbi.public,s3.us-east-1	SRX12409666	Asia	China:Shanghai	Homo	sapiens	6000	31	N	121	E	PAIRED	RANDOM	METAGENOMIC	human	gut	metagenome	ILLUMINA	2021-10-24T00:00:00Z	SRP336949		
SRR16124300	WGS	M_Y_10	280	China	Illumina	NovaSeq	intestinal	fecal	10592237230	PRJNA763023	SAMN21877202	Metagenome	or	environmental	3559559652	LC-BIO	TECHNOLOGY	CO	01/01/2018	public	fastq,sra	gs,ncbi,s3	gs.US,ncbi.public,s3.us-east-1	SRX12409664	Asia	China:Shanghai	Homo	sapiens	6000	31	N	121	E	PAIRED	RANDOM	METAGENOMIC	human	gut	metagenome	ILLUMINA	2021-10-24T00:00:00Z	SRP336949		
SRR16124302	WGS	M_Y_08	287	China	Illumina	NovaSeq	intestinal	fecal	9228716039	PRJNA763023	SAMN21877200	Metagenome	or	environmental	3097547174	LC-BIO	TECHNOLOGY	CO	01/01/2018	public	fastq,sra	gs,ncbi,s3	gs.US,ncbi.public,s3.us-east-1	SRX12409662	Asia	China:Shanghai	Homo	sapiens	6000	31	N	121	E	PAIRED	RANDOM	METAGENOMIC	human	gut	metagenome	ILLUMINA	2021-10-24T00:00:00Z	SRP336949		
SRR16124303	WGS	M_Y_07	288	China	Illumina	NovaSeq	intestinal	fecal	12341689746	PRJNA763023	SAMN21877199	Metagenome	or	environmental	3799814437	LC-BIO	TECHNOLOGY	CO	01/01/2018	public	fastq,sra	gs,ncbi,s3	gs.US,ncbi.public,s3.us-east-1	SRX12409661	Asia	China:Shanghai	Homo	sapiens	6000	31	N	121	E	PAIRED	RANDOM	METAGENOMIC	human	gut	metagenome	ILLUMINA	2021-10-24T00:00:00Z	SRP336949		
SRR16124305	WGS	M_Y_05	287	China	Illumina	NovaSeq	intestinal	fecal	9689058866	PRJNA763023	SAMN21877197	Metagenome	or	environmental	3191683302	LC-BIO	TECHNOLOGY	CO	01/01/2018	public	fastq,sra	gs,ncbi,s3	gs.US,ncbi.public,s3.us-east-1	SRX12409659	Asia	China:Shanghai	Homo	sapiens	6000	31	N	121	E	PAIRED	RANDOM	METAGENOMIC	human	gut	metagenome	ILLUMINA	2021-10-24T00:00:00Z	SRP336949		
SRR16124307	WGS	M_Y_03	285	China	Illumina	NovaSeq	intestinal	fecal	10214928129	PRJNA763023	SAMN21877195	Metagenome	or	environmental	3445554005	LC-BIO	TECHNOLOGY	CO	01/01/2018	public	fastq,sra	gs,ncbi,s3	gs.US,ncbi.public,s3.us-east-1	SRX12409657	Asia	China:Shanghai	Homo	sapiens	6000	31	N	121	E	PAIRED	RANDOM	METAGENOMIC	human	gut	metagenome	ILLUMINA	2021-10-24T00:00:00Z	SRP336949		
SRR16124309	WGS	M_Y_01	287	China	Illumina	NovaSeq	intestinal	fecal	8691129307	PRJNA763023	SAMN21877193	Metagenome	or	environmental	2914488540	LC-BIO	TECHNOLOGY	CO	01/01/2018	public	fastq,sra	gs,ncbi,s3	gs.US,ncbi.public,s3.us-east-1	SRX12409655	Asia	China:Shanghai	Homo	sapiens	6000	31	N	121	E	PAIRED	RANDOM	METAGENOMIC	human	gut	metagenome	ILLUMINA	2021-10-24T00:00:00Z	SRP336949		
SRR16124178	WGS	M_HO_10	284	China	Illumina	NovaSeq	intestinal	fecal	10566884608	PRJNA763023	SAMN21877052	Metagenome	or	environmental	3277397257	LC-BIO	TECHNOLOGY	CO	01/01/2018	public	fastq,sra	gs,ncbi,s3	gs.US,ncbi.public,s3.us-east-1	SRX12409786	Asia	China:Shanghai	Homo	sapiens	6000	31	N	121	E	PAIRED	RANDOM	METAGENOMIC	human	gut	metagenome	ILLUMINA	2021-10-24T00:00:00Z	SRP336949		
SRR16124222	WGS	M_HO_06	289	China	Illumina	NovaSeq	intestinal	fecal	7659609424	PRJNA763023	SAMN21877048	Metagenome	or	environmental	2442348902	LC-BIO	TECHNOLOGY	CO	01/01/2018	public	fastq,sra	gs,ncbi,s3	gs.US,ncbi.public,s3.us-east-1	SRX12409742	Asia	China:Shanghai	Homo	sapiens	6000	31	N	121	E	PAIRED	RANDOM	METAGENOMIC	human	gut	metagenome	ILLUMINA	2021-10-24T00:00:00Z	SRP336949		
SRR16124224	WGS	M_HO_49	292	China	Illumina	NovaSeq	intestinal	fecal	10731533733	PRJNA763023	SAMN21877091	Metagenome	or	environmental	3457031044	LC-BIO	TECHNOLOGY	CO	01/01/2018	public	fastq,sra	gs,ncbi,s3	gs.US,ncbi.public,s3.us-east-1	SRX12409740	Asia	China:Shanghai	Homo	sapiens	6000	31	N	121	E	PAIRED	RANDOM	METAGENOMIC	human	gut	metagenome	ILLUMINA	2021-10-24T00:00:00Z	SRP336949		
SRR16124225	WGS	M_HO_48	290	China	Illumina	NovaSeq	intestinal	fecal	10468060743	PRJNA763023	SAMN21877090	Metagenome	or	environmental	3308267505	LC-BIO	TECHNOLOGY	CO	01/01/2018	public	fastq,sra	gs,ncbi,s3	gs.US,ncbi.public,s3.us-east-1	SRX12409739	Asia	China:Shanghai	Homo	sapiens	6000	31	N	121	E	PAIRED	RANDOM	METAGENOMIC	human	gut	metagenome	ILLUMINA	2021-10-24T00:00:00Z	SRP336949		
SRR16124226	WGS	M_HO_47	289	China	Illumina	NovaSeq	intestinal	fecal	9753403193	PRJNA763023	SAMN21877089	Metagenome	or	environmental	3075718413	LC-BIO	TECHNOLOGY	CO	01/01/2018	public	fastq,sra	gs,ncbi,s3	gs.US,ncbi.public,s3.us-east-1	SRX12409738	Asia	China:Shanghai	Homo	sapiens	6000	31	N	121	E	PAIRED	RANDOM	METAGENOMIC	human	gut	metagenome	ILLUMINA	2021-10-24T00:00:00Z	SRP336949		
SRR16124229	WGS	M_HO_44	289	China	Illumina	NovaSeq	intestinal	fecal	10011515164	PRJNA763023	SAMN21877086	Metagenome	or	environmental	3154194077	LC-BIO	TECHNOLOGY	CO	01/01/2018	public	fastq,sra	gs,ncbi,s3	gs.US,ncbi.public,s3.us-east-1	SRX12409735	Asia	China:Shanghai	Homo	sapiens	6000	31	N	121	E	PAIRED	RANDOM	METAGENOMIC	human	gut	metagenome	ILLUMINA	2021-10-24T00:00:00Z	SRP336949		
SRR16124231	WGS	M_HO_42	287	China	Illumina	NovaSeq	intestinal	fecal	9553793244	PRJNA763023	SAMN21877084	Metagenome	or	environmental	2995310034	LC-BIO	TECHNOLOGY	CO	01/01/2018	public	fastq,sra	gs,ncbi,s3	gs.US,ncbi.public,s3.us-east-1	SRX12409733	Asia	China:Shanghai	Homo	sapiens	6000	31	N	121	E	PAIRED	RANDOM	METAGENOMIC	human	gut	metagenome	ILLUMINA	2021-10-24T00:00:00Z	SRP336949		
SRR16124234	WGS	M_HO_40	291	China	Illumina	NovaSeq	intestinal	fecal	10193082768	PRJNA763023	SAMN21877082	Metagenome	or	environmental	3211604527	LC-BIO	TECHNOLOGY	CO	01/01/2018	public	fastq,sra	gs,ncbi,s3	gs.US,ncbi.public,s3.us-east-1	SRX12409730	Asia	China:Shanghai	Homo	sapiens	6000	31	N	121	E	PAIRED	RANDOM	METAGENOMIC	human	gut	metagenome	ILLUMINA	2021-10-24T00:00:00Z	SRP336949		
SRR16124235	WGS	M_HO_39	294	China	Illumina	NovaSeq	intestinal	fecal	10636868379	PRJNA763023	SAMN21877081	Metagenome	or	environmental	3344742084	LC-BIO	TECHNOLOGY	CO	01/01/2018	public	fastq,sra	gs,ncbi,s3	gs.US,ncbi.public,s3.us-east-1	SRX12409729	Asia	China:Shanghai	Homo	sapiens	6000	31	N	121	E	PAIRED	RANDOM	METAGENOMIC	human	gut	metagenome	ILLUMINA	2021-10-24T00:00:00Z	SRP336949		
SRR16124239	WGS	M_HO_35	292	China	Illumina	NovaSeq	intestinal	fecal	9903855563	PRJNA763023	SAMN21877077	Metagenome	or	environmental	3098167646	LC-BIO	TECHNOLOGY	CO	01/01/2018	public	fastq,sra	gs,ncbi,s3	gs.US,ncbi.public,s3.us-east-1	SRX12409725	Asia	China:Shanghai	Homo	sapiens	6000	31	N	121	E	PAIRED	RANDOM	METAGENOMIC	human	gut	metagenome	ILLUMINA	2021-10-24T00:00:00Z	SRP336949		
SRR16124366	WGS	M_HO_02	287	China	Illumina	NovaSeq	intestinal	fecal	10798329258	PRJNA763023	SAMN21877044	Metagenome	or	environmental	3420784110	LC-BIO	TECHNOLOGY	CO	01/01/2018	public	fastq,sra	gs,ncbi,s3	gs.US,ncbi.public,s3.us-east-1	SRX12409598	Asia	China:Shanghai	Homo	sapiens	6000	31	N	121	E	PAIRED	RANDOM	METAGENOMIC	human	gut	metagenome	ILLUMINA	2021-10-24T00:00:00Z	SRP336949		
SRR16124332	WGS	M_HO_14	291	China	Illumina	NovaSeq	intestinal	fecal	10661413702	PRJNA763023	SAMN21877056	Metagenome	or	environmental	3422235019	LC-BIO	TECHNOLOGY	CO	01/01/2018	public	fastq,sra	gs,ncbi,s3	gs.US,ncbi.public,s3.us-east-1	SRX12409632	Asia	China:Shanghai	Homo	sapiens	6000	31	N	121	E	PAIRED	RANDOM	METAGENOMIC	human	gut	metagenome	ILLUMINA	2021-10-24T00:00:00Z	SRP336949		
SRR16124223	WGS	M_HO_50	290	China	Illumina	NovaSeq	intestinal	fecal	10733890272	PRJNA763023	SAMN21877092	Metagenome	or	environmental	3425525763	LC-BIO	TECHNOLOGY	CO	01/01/2018	public	fastq,sra	gs,ncbi,s3	gs.US,ncbi.public,s3.us-east-1	SRX12409741	Asia	China:Shanghai	Homo	sapiens	6000	31	N	121	E	PAIRED	RANDOM	METAGENOMIC	human	gut	metagenome	ILLUMINA	2021-10-24T00:00:00Z	SRP336949		
SRR16124227	WGS	M_HO_46	290	China	Illumina	NovaSeq	intestinal	fecal	9454869573	PRJNA763023	SAMN21877088	Metagenome	or	environmental	2968522761	LC-BIO	TECHNOLOGY	CO	01/01/2018	public	fastq,sra	gs,ncbi,s3	gs.US,ncbi.public,s3.us-east-1	SRX12409737	Asia	China:Shanghai	Homo	sapiens	6000	31	N	121	E	PAIRED	RANDOM	METAGENOMIC	human	gut	metagenome	ILLUMINA	2021-10-24T00:00:00Z	SRP336949		
SRR16124228	WGS	M_HO_45	286	China	Illumina	NovaSeq	intestinal	fecal	9570797696	PRJNA763023	SAMN21877087	Metagenome	or	environmental	3010595049	LC-BIO	TECHNOLOGY	CO	01/01/2018	public	fastq,sra	gs,ncbi,s3	gs.US,ncbi.public,s3.us-east-1	SRX12409736	Asia	China:Shanghai	Homo	sapiens	6000	31	N	121	E	PAIRED	RANDOM	METAGENOMIC	human	gut	metagenome	ILLUMINA	2021-10-24T00:00:00Z	SRP336949		
SRR16124230	WGS	M_HO_43	293	China	Illumina	NovaSeq	intestinal	fecal	10753587619	PRJNA763023	SAMN21877085	Metagenome	or	environmental	3401290590	LC-BIO	TECHNOLOGY	CO	01/01/2018	public	fastq,sra	gs,ncbi,s3	gs.US,ncbi.public,s3.us-east-1	SRX12409734	Asia	China:Shanghai	Homo	sapiens	6000	31	N	121	E	PAIRED	RANDOM	METAGENOMIC	human	gut	metagenome	ILLUMINA	2021-10-24T00:00:00Z	SRP336949		
SRR16124232	WGS	M_HO_41	283	China	Illumina	NovaSeq	intestinal	fecal	9240804306	PRJNA763023	SAMN21877083	Metagenome	or	environmental	2902519163	LC-BIO	TECHNOLOGY	CO	01/01/2018	public	fastq,sra	gs,ncbi,s3	gs.US,ncbi.public,s3.us-east-1	SRX12409732	Asia	China:Shanghai	Homo	sapiens	6000	31	N	121	E	PAIRED	RANDOM	METAGENOMIC	human	gut	metagenome	ILLUMINA	2021-10-24T00:00:00Z	SRP336949		
SRR16124233	WGS	M_HO_05	289	China	Illumina	NovaSeq	intestinal	fecal	12075648562	PRJNA763023	SAMN21877047	Metagenome	or	environmental	3824423108	LC-BIO	TECHNOLOGY	CO	01/01/2018	public	fastq,sra	gs,ncbi,s3	gs.US,ncbi.public,s3.us-east-1	SRX12409731	Asia	China:Shanghai	Homo	sapiens	6000	31	N	121	E	PAIRED	RANDOM	METAGENOMIC	human	gut	metagenome	ILLUMINA	2021-10-24T00:00:00Z	SRP336949		
SRR16124236	WGS	M_HO_38	292	China	Illumina	NovaSeq	intestinal	fecal	10556463912	PRJNA763023	SAMN21877080	Metagenome	or	environmental	3327950748	LC-BIO	TECHNOLOGY	CO	01/01/2018	public	fastq,sra	gs,ncbi,s3	gs.US,ncbi.public,s3.us-east-1	SRX12409728	Asia	China:Shanghai	Homo	sapiens	6000	31	N	121	E	PAIRED	RANDOM	METAGENOMIC	human	gut	metagenome	ILLUMINA	2021-10-24T00:00:00Z	SRP336949		
SRR16124237	WGS	M_HO_37	293	China	Illumina	NovaSeq	intestinal	fecal	10296641640	PRJNA763023	SAMN21877079	Metagenome	or	environmental	3224531087	LC-BIO	TECHNOLOGY	CO	01/01/2018	public	fastq,sra	gs,ncbi,s3	gs.US,ncbi.public,s3.us-east-1	SRX12409727	Asia	China:Shanghai	Homo	sapiens	6000	31	N	121	E	PAIRED	RANDOM	METAGENOMIC	human	gut	metagenome	ILLUMINA	2021-10-24T00:00:00Z	SRP336949		
SRR16124238	WGS	M_HO_36	291	China	Illumina	NovaSeq	intestinal	fecal	10532690815	PRJNA763023	SAMN21877078	Metagenome	or	environmental	3311194024	LC-BIO	TECHNOLOGY	CO	01/01/2018	public	fastq,sra	gs,ncbi,s3	gs.US,ncbi.public,s3.us-east-1	SRX12409726	Asia	China:Shanghai	Homo	sapiens	6000	31	N	121	E	PAIRED	RANDOM	METAGENOMIC	human	gut	metagenome	ILLUMINA	2021-10-24T00:00:00Z	SRP336949		
SRR16124241	WGS	M_HO_33	293	China	Illumina	NovaSeq	intestinal	fecal	10593669810	PRJNA763023	SAMN21877075	Metagenome	or	environmental	3324997489	LC-BIO	TECHNOLOGY	CO	01/01/2018	public	fastq,sra	gs,ncbi,s3	gs.US,ncbi.public,s3.us-east-1	SRX12409723	Asia	China:Shanghai	Homo	sapiens	6000	31	N	121	E	PAIRED	RANDOM	METAGENOMIC	human	gut	metagenome	ILLUMINA	2021-10-24T00:00:00Z	SRP336949		
SRR16124245	WGS	M_HO_30	293	China	Illumina	NovaSeq	intestinal	fecal	11032237379	PRJNA763023	SAMN21877072	Metagenome	or	environmental	3460228074	LC-BIO	TECHNOLOGY	CO	01/01/2018	public	fastq,sra	gs,ncbi,s3	gs.US,ncbi.public,s3.us-east-1	SRX12409719	Asia	China:Shanghai	Homo	sapiens	6000	31	N	121	E	PAIRED	RANDOM	METAGENOMIC	human	gut	metagenome	ILLUMINA	2021-10-24T00:00:00Z	SRP336949		
SRR16124247	WGS	M_HO_28	287	China	Illumina	NovaSeq	intestinal	fecal	9335083492	PRJNA763023	SAMN21877070	Metagenome	or	environmental	2917001246	LC-BIO	TECHNOLOGY	CO	01/01/2018	public	fastq,sra	gs,ncbi,s3	gs.US,ncbi.public,s3.us-east-1	SRX12409717	Asia	China:Shanghai	Homo	sapiens	6000	31	N	121	E	PAIRED	RANDOM	METAGENOMIC	human	gut	metagenome	ILLUMINA	2021-10-24T00:00:00Z	SRP336949		
SRR16124251	WGS	M_HO_24	294	China	Illumina	NovaSeq	intestinal	fecal	10972194090	PRJNA763023	SAMN21877066	Metagenome	or	environmental	3459123835	LC-BIO	TECHNOLOGY	CO	01/01/2018	public	fastq,sra	gs,ncbi,s3	gs.US,ncbi.public,s3.us-east-1	SRX12409713	Asia	China:Shanghai	Homo	sapiens	6000	31	N	121	E	PAIRED	RANDOM	METAGENOMIC	human	gut	metagenome	ILLUMINA	2021-10-24T00:00:00Z	SRP336949		
SRR16124253	WGS	M_HO_22	288	China	Illumina	NovaSeq	intestinal	fecal	9375414486	PRJNA763023	SAMN21877064	Metagenome	or	environmental	2953038746	LC-BIO	TECHNOLOGY	CO	01/01/2018	public	fastq,sra	gs,ncbi,s3	gs.US,ncbi.public,s3.us-east-1	SRX12409711	Asia	China:Shanghai	Homo	sapiens	6000	31	N	121	E	PAIRED	RANDOM	METAGENOMIC	human	gut	metagenome	ILLUMINA	2021-10-24T00:00:00Z	SRP336949		
SRR16124254	WGS	M_HO_21	293	China	Illumina	NovaSeq	intestinal	fecal	10463867004	PRJNA763023	SAMN21877063	Metagenome	or	environmental	3295198273	LC-BIO	TECHNOLOGY	CO	01/01/2018	public	fastq,sra	gs,ncbi,s3	gs.US,ncbi.public,s3.us-east-1	SRX12409710	Asia	China:Shanghai	Homo	sapiens	6000	31	N	121	E	PAIRED	RANDOM	METAGENOMIC	human	gut	metagenome	ILLUMINA	2021-10-24T00:00:00Z	SRP336949		
SRR16124255	WGS	M_HO_03	291	China	Illumina	NovaSeq	intestinal	fecal	8730233010	PRJNA763023	SAMN21877045	Metagenome	or	environmental	2782392675	LC-BIO	TECHNOLOGY	CO	01/01/2018	public	fastq,sra	gs,ncbi,s3	gs.US,ncbi.public,s3.us-east-1	SRX12409709	Asia	China:Shanghai	Homo	sapiens	6000	31	N	121	E	PAIRED	RANDOM	METAGENOMIC	human	gut	metagenome	ILLUMINA	2021-10-24T00:00:00Z	SRP336949		
SRR16124365	WGS	M_HO_11	288	China	Illumina	NovaSeq	intestinal	fecal	9209141000	PRJNA763023	SAMN21877053	Metagenome	or	environmental	2881780039	LC-BIO	TECHNOLOGY	CO	01/01/2018	public	fastq,sra	gs,ncbi,s3	gs.US,ncbi.public,s3.us-east-1	SRX12409599	Asia	China:Shanghai	Homo	sapiens	6000	31	N	121	E	PAIRED	RANDOM	METAGENOMIC	human	gut	metagenome	ILLUMINA	2021-10-24T00:00:00Z	SRP336949		
SRR16124288	WGS	M_HO_18	291	China	Illumina	NovaSeq	intestinal	fecal	10418339636	PRJNA763023	SAMN21877060	Metagenome	or	environmental	3262740526	LC-BIO	TECHNOLOGY	CO	01/01/2018	public	fastq,sra	gs,ncbi,s3	gs.US,ncbi.public,s3.us-east-1	SRX12409676	Asia	China:Shanghai	Homo	sapiens	6000	31	N	121	E	PAIRED	RANDOM	METAGENOMIC	human	gut	metagenome	ILLUMINA	2021-10-24T00:00:00Z	SRP336949		
SRR16124310	WGS	M_HO_16	273	China	Illumina	NovaSeq	intestinal	fecal	10458583603	PRJNA763023	SAMN21877058	Metagenome	or	environmental	3418838605	LC-BIO	TECHNOLOGY	CO	01/01/2018	public	fastq,sra	gs,ncbi,s3	gs.US,ncbi.public,s3.us-east-1	SRX12409654	Asia	China:Shanghai	Homo	sapiens	6000	31	N	121	E	PAIRED	RANDOM	METAGENOMIC	human	gut	metagenome	ILLUMINA	2021-10-24T00:00:00Z	SRP336949		
SRR16124321	WGS	M_HO_15	290	China	Illumina	NovaSeq	intestinal	fecal	9839169504	PRJNA763023	SAMN21877057	Metagenome	or	environmental	3149997719	LC-BIO	TECHNOLOGY	CO	01/01/2018	public	fastq,sra	gs,ncbi,s3	gs.US,ncbi.public,s3.us-east-1	SRX12409643	Asia	China:Shanghai	Homo	sapiens	6000	31	N	121	E	PAIRED	RANDOM	METAGENOMIC	human	gut	metagenome	ILLUMINA	2021-10-24T00:00:00Z	SRP336949		
SRR16124367	WGS	M_HO_01	290	China	Illumina	NovaSeq	intestinal	fecal	10207326247	PRJNA763023	SAMN21877043	Metagenome	or	environmental	3201125011	LC-BIO	TECHNOLOGY	CO	01/01/2018	public	fastq,sra	gs,ncbi,s3	gs.US,ncbi.public,s3.us-east-1	SRX12409597	Asia	China:Shanghai	Homo	sapiens	6000	31	N	121	E	PAIRED	RANDOM	METAGENOMIC	human	gut	metagenome	ILLUMINA	2021-10-24T00:00:00Z	SRP336949		
SRR16124189	WGS	M_HO_09	289	China	Illumina	NovaSeq	intestinal	fecal	12292124848	PRJNA763023	SAMN21877051	Metagenome	or	environmental	3867089248	LC-BIO	TECHNOLOGY	CO	01/01/2018	public	fastq,sra	gs,ncbi,s3	gs.US,ncbi.public,s3.us-east-1	SRX12409775	Asia	China:Shanghai	Homo	sapiens	6000	31	N	121	E	PAIRED	RANDOM	METAGENOMIC	human	gut	metagenome	ILLUMINA	2021-10-24T00:00:00Z	SRP336949		
SRR16124200	WGS	M_HO_08	286	China	Illumina	NovaSeq	intestinal	fecal	10374896955	PRJNA763023	SAMN21877050	Metagenome	or	environmental	3284028319	LC-BIO	TECHNOLOGY	CO	01/01/2018	public	fastq,sra	gs,ncbi,s3	gs.US,ncbi.public,s3.us-east-1	SRX12409764	Asia	China:Shanghai	Homo	sapiens	6000	31	N	121	E	PAIRED	RANDOM	METAGENOMIC	human	gut	metagenome	ILLUMINA	2021-10-24T00:00:00Z	SRP336949		
SRR16124240	WGS	M_HO_34	296	China	Illumina	NovaSeq	intestinal	fecal	10759416662	PRJNA763023	SAMN21877076	Metagenome	or	environmental	3413270782	LC-BIO	TECHNOLOGY	CO	01/01/2018	public	fastq,sra	gs,ncbi,s3	gs.US,ncbi.public,s3.us-east-1	SRX12409724	Asia	China:Shanghai	Homo	sapiens	6000	31	N	121	E	PAIRED	RANDOM	METAGENOMIC	human	gut	metagenome	ILLUMINA	2021-10-24T00:00:00Z	SRP336949		
SRR16124242	WGS	M_HO_32	290	China	Illumina	NovaSeq	intestinal	fecal	9930394572	PRJNA763023	SAMN21877074	Metagenome	or	environmental	3101684066	LC-BIO	TECHNOLOGY	CO	01/01/2018	public	fastq,sra	gs,ncbi,s3	gs.US,ncbi.public,s3.us-east-1	SRX12409722	Asia	China:Shanghai	Homo	sapiens	6000	31	N	121	E	PAIRED	RANDOM	METAGENOMIC	human	gut	metagenome	ILLUMINA	2021-10-24T00:00:00Z	SRP336949		
SRR16124243	WGS	M_HO_31	285	China	Illumina	NovaSeq	intestinal	fecal	9750300946	PRJNA763023	SAMN21877073	Metagenome	or	environmental	3071075807	LC-BIO	TECHNOLOGY	CO	01/01/2018	public	fastq,sra	gs,ncbi,s3	gs.US,ncbi.public,s3.us-east-1	SRX12409721	Asia	China:Shanghai	Homo	sapiens	6000	31	N	121	E	PAIRED	RANDOM	METAGENOMIC	human	gut	metagenome	ILLUMINA	2021-10-24T00:00:00Z	SRP336949		
SRR16124244	WGS	M_HO_04	284	China	Illumina	NovaSeq	intestinal	fecal	10493621901	PRJNA763023	SAMN21877046	Metagenome	or	environmental	3318876891	LC-BIO	TECHNOLOGY	CO	01/01/2018	public	fastq,sra	gs,ncbi,s3	gs.US,ncbi.public,s3.us-east-1	SRX12409720	Asia	China:Shanghai	Homo	sapiens	6000	31	N	121	E	PAIRED	RANDOM	METAGENOMIC	human	gut	metagenome	ILLUMINA	2021-10-24T00:00:00Z	SRP336949		
SRR16124211	WGS	M_HO_07	282	China	Illumina	NovaSeq	intestinal	fecal	9090965010	PRJNA763023	SAMN21877049	Metagenome	or	environmental	2884175138	LC-BIO	TECHNOLOGY	CO	01/01/2018	public	fastq,sra	gs,ncbi,s3	gs.US,ncbi.public,s3.us-east-1	SRX12409753	Asia	China:Shanghai	Homo	sapiens	6000	31	N	121	E	PAIRED	RANDOM	METAGENOMIC	human	gut	metagenome	ILLUMINA	2021-10-24T00:00:00Z	SRP336949		
SRR16124246	WGS	M_HO_29	294	China	Illumina	NovaSeq	intestinal	fecal	10551366135	PRJNA763023	SAMN21877071	Metagenome	or	environmental	3318111341	LC-BIO	TECHNOLOGY	CO	01/01/2018	public	fastq,sra	gs,ncbi,s3	gs.US,ncbi.public,s3.us-east-1	SRX12409718	Asia	China:Shanghai	Homo	sapiens	6000	31	N	121	E	PAIRED	RANDOM	METAGENOMIC	human	gut	metagenome	ILLUMINA	2021-10-24T00:00:00Z	SRP336949		
SRR16124266	WGS	M_HO_20	292	China	Illumina	NovaSeq	intestinal	fecal	9658337008	PRJNA763023	SAMN21877062	Metagenome	or	environmental	3003983197	LC-BIO	TECHNOLOGY	CO	01/01/2018	public	fastq,sra	gs,ncbi,s3	gs.US,ncbi.public,s3.us-east-1	SRX12409698	Asia	China:Shanghai	Homo	sapiens	6000	31	N	121	E	PAIRED	RANDOM	METAGENOMIC	human	gut	metagenome	ILLUMINA	2021-10-24T00:00:00Z	SRP336949		
SRR16124354	WGS	M_HO_12	278	China	Illumina	NovaSeq	intestinal	fecal	6739317585	PRJNA763023	SAMN21877054	Metagenome	or	environmental	2126241982	LC-BIO	TECHNOLOGY	CO	01/01/2018	public	fastq,sra	gs,ncbi,s3	gs.US,ncbi.public,s3.us-east-1	SRX12409610	Asia	China:Shanghai	Homo	sapiens	6000	31	N	121	E	PAIRED	RANDOM	METAGENOMIC	human	gut	metagenome	ILLUMINA	2021-10-24T00:00:00Z	SRP336949		
SRR16124343	WGS	M_HO_13	286	China	Illumina	NovaSeq	intestinal	fecal	12205548738	PRJNA763023	SAMN21877055	Metagenome	or	environmental	3882704600	LC-BIO	TECHNOLOGY	CO	01/01/2018	public	fastq,sra	gs,ncbi,s3	gs.US,ncbi.public,s3.us-east-1	SRX12409621	Asia	China:Shanghai	Homo	sapiens	6000	31	N	121	E	PAIRED	RANDOM	METAGENOMIC	human	gut	metagenome	ILLUMINA	2021-10-24T00:00:00Z	SRP336949		
SRR16124248	WGS	M_HO_27	295	China	Illumina	NovaSeq	intestinal	fecal	10427066853	PRJNA763023	SAMN21877069	Metagenome	or	environmental	3297632561	LC-BIO	TECHNOLOGY	CO	01/01/2018	public	fastq,sra	gs,ncbi,s3	gs.US,ncbi.public,s3.us-east-1	SRX12409716	Asia	China:Shanghai	Homo	sapiens	6000	31	N	121	E	PAIRED	RANDOM	METAGENOMIC	human	gut	metagenome	ILLUMINA	2021-10-24T00:00:00Z	SRP336949		
SRR16124249	WGS	M_HO_26	291	China	Illumina	NovaSeq	intestinal	fecal	9745552390	PRJNA763023	SAMN21877068	Metagenome	or	environmental	3075043444	LC-BIO	TECHNOLOGY	CO	01/01/2018	public	fastq,sra	gs,ncbi,s3	gs.US,ncbi.public,s3.us-east-1	SRX12409715	Asia	China:Shanghai	Homo	sapiens	6000	31	N	121	E	PAIRED	RANDOM	METAGENOMIC	human	gut	metagenome	ILLUMINA	2021-10-24T00:00:00Z	SRP336949		
SRR16124299	WGS	M_HO_17	296	China	Illumina	NovaSeq	intestinal	fecal	10474296064	PRJNA763023	SAMN21877059	Metagenome	or	environmental	3397578233	LC-BIO	TECHNOLOGY	CO	01/01/2018	public	fastq,sra	gs,ncbi,s3	gs.US,ncbi.public,s3.us-east-1	SRX12409665	Asia	China:Shanghai	Homo	sapiens	6000	31	N	121	E	PAIRED	RANDOM	METAGENOMIC	human	gut	metagenome	ILLUMINA	2021-10-24T00:00:00Z	SRP336949		
SRR16124277	WGS	M_HO_19	291	China	Illumina	NovaSeq	intestinal	fecal	10202193995	PRJNA763023	SAMN21877061	Metagenome	or	environmental	3181278531	LC-BIO	TECHNOLOGY	CO	01/01/2018	public	fastq,sra	gs,ncbi,s3	gs.US,ncbi.public,s3.us-east-1	SRX12409687	Asia	China:Shanghai	Homo	sapiens	6000	31	N	121	E	PAIRED	RANDOM	METAGENOMIC	human	gut	metagenome	ILLUMINA	2021-10-24T00:00:00Z	SRP336949		
SRR16124250	WGS	M_HO_25	290	China	Illumina	NovaSeq	intestinal	fecal	10254653965	PRJNA763023	SAMN21877067	Metagenome	or	environmental	3204952592	LC-BIO	TECHNOLOGY	CO	01/01/2018	public	fastq,sra	gs,ncbi,s3	gs.US,ncbi.public,s3.us-east-1	SRX12409714	Asia	China:Shanghai	Homo	sapiens	6000	31	N	121	E	PAIRED	RANDOM	METAGENOMIC	human	gut	metagenome	ILLUMINA	2021-10-24T00:00:00Z	SRP336949		
SRR16124252	WGS	M_HO_23	291	China	Illumina	NovaSeq	intestinal	fecal	9858672433	PRJNA763023	SAMN21877065	Metagenome	or	environmental	3053831896	LC-BIO	TECHNOLOGY	CO	01/01/2018	public	fastq,sra	gs,ncbi,s3	gs.US,ncbi.public,s3.us-east-1	SRX12409712	Asia	China:Shanghai	Homo	sapiens	6000	31	N	121	E	PAIRED	RANDOM	METAGENOMIC	human	gut	metagenome	ILLUMINA	2021-10-24T00:00:00Z	SRP336949		
SRR16124311	WGS	M_O_45	286	China	Illumina	NovaSeq	intestinal	fecal	8726426271	PRJNA763023	SAMN21877192	Metagenome	or	environmental	2774404346	LC-BIO	TECHNOLOGY	CO	01/01/2018	public	fastq,sra	gs,ncbi,s3	gs.US,ncbi.public,s3.us-east-1	SRX12409653	Asia	China:Shanghai	Homo	sapiens	6000	31	N	121	E	PAIRED	RANDOM	METAGENOMIC	human	gut	metagenome	ILLUMINA	2021-10-24T00:00:00Z	SRP336949		
SRR16124312	WGS	M_O_44	285	China	Illumina	NovaSeq	intestinal	fecal	9495304376	PRJNA763023	SAMN21877191	Metagenome	or	environmental	3031864025	LC-BIO	TECHNOLOGY	CO	01/01/2018	public	fastq,sra	gs,ncbi,s3	gs.US,ncbi.public,s3.us-east-1	SRX12409652	Asia	China:Shanghai	Homo	sapiens	6000	31	N	121	E	PAIRED	RANDOM	METAGENOMIC	human	gut	metagenome	ILLUMINA	2021-10-24T00:00:00Z	SRP336949		
SRR16124315	WGS	M_O_41	292	China	Illumina	NovaSeq	intestinal	fecal	12659269754	PRJNA763023	SAMN21877188	Metagenome	or	environmental	4011124502	LC-BIO	TECHNOLOGY	CO	01/01/2018	public	fastq,sra	gs,ncbi,s3	gs.US,ncbi.public,s3.us-east-1	SRX12409649	Asia	China:Shanghai	Homo	sapiens	6000	31	N	121	E	PAIRED	RANDOM	METAGENOMIC	human	gut	metagenome	ILLUMINA	2021-10-24T00:00:00Z	SRP336949		
SRR16124316	WGS	M_O_40	291	China	Illumina	NovaSeq	intestinal	fecal	11344213431	PRJNA763023	SAMN21877187	Metagenome	or	environmental	3583860576	LC-BIO	TECHNOLOGY	CO	01/01/2018	public	fastq,sra	gs,ncbi,s3	gs.US,ncbi.public,s3.us-east-1	SRX12409648	Asia	China:Shanghai	Homo	sapiens	6000	31	N	121	E	PAIRED	RANDOM	METAGENOMIC	human	gut	metagenome	ILLUMINA	2021-10-24T00:00:00Z	SRP336949		
SRR16124319	WGS	M_O_37	283	China	Illumina	NovaSeq	intestinal	fecal	9441156424	PRJNA763023	SAMN21877184	Metagenome	or	environmental	2955858926	LC-BIO	TECHNOLOGY	CO	01/01/2018	public	fastq,sra	gs,ncbi,s3	gs.US,ncbi.public,s3.us-east-1	SRX12409645	Asia	China:Shanghai	Homo	sapiens	6000	31	N	121	E	PAIRED	RANDOM	METAGENOMIC	human	gut	metagenome	ILLUMINA	2021-10-24T00:00:00Z	SRP336949		
SRR16124320	WGS	M_O_36	285	China	Illumina	NovaSeq	intestinal	fecal	10252045678	PRJNA763023	SAMN21877183	Metagenome	or	environmental	3279901286	LC-BIO	TECHNOLOGY	CO	01/01/2018	public	fastq,sra	gs,ncbi,s3	gs.US,ncbi.public,s3.us-east-1	SRX12409644	Asia	China:Shanghai	Homo	sapiens	6000	31	N	121	E	PAIRED	RANDOM	METAGENOMIC	human	gut	metagenome	ILLUMINA	2021-10-24T00:00:00Z	SRP336949		
SRR16124322	WGS	M_O_35	285	China	Illumina	NovaSeq	intestinal	fecal	11411411082	PRJNA763023	SAMN21877182	Metagenome	or	environmental	3585913376	LC-BIO	TECHNOLOGY	CO	01/01/2018	public	fastq,sra	gs,ncbi,s3	gs.US,ncbi.public,s3.us-east-1	SRX12409642	Asia	China:Shanghai	Homo	sapiens	6000	31	N	121	E	PAIRED	RANDOM	METAGENOMIC	human	gut	metagenome	ILLUMINA	2021-10-24T00:00:00Z	SRP336949		
SRR16124323	WGS	M_O_34	290	China	Illumina	NovaSeq	intestinal	fecal	11870866334	PRJNA763023	SAMN21877181	Metagenome	or	environmental	3696150659	LC-BIO	TECHNOLOGY	CO	01/01/2018	public	fastq,sra	gs,ncbi,s3	gs.US,ncbi.public,s3.us-east-1	SRX12409641	Asia	China:Shanghai	Homo	sapiens	6000	31	N	121	E	PAIRED	RANDOM	METAGENOMIC	human	gut	metagenome	ILLUMINA	2021-10-24T00:00:00Z	SRP336949		
SRR16124326	WGS	M_O_31	287	China	Illumina	NovaSeq	intestinal	fecal	10016195648	PRJNA763023	SAMN21877178	Metagenome	or	environmental	3155737907	LC-BIO	TECHNOLOGY	CO	01/01/2018	public	fastq,sra	gs,ncbi,s3	gs.US,ncbi.public,s3.us-east-1	SRX12409638	Asia	China:Shanghai	Homo	sapiens	6000	31	N	121	E	PAIRED	RANDOM	METAGENOMIC	human	gut	metagenome	ILLUMINA	2021-10-24T00:00:00Z	SRP336949		
SRR16124327	WGS	M_O_30	283	China	Illumina	NovaSeq	intestinal	fecal	9044809170	PRJNA763023	SAMN21877177	Metagenome	or	environmental	2861159701	LC-BIO	TECHNOLOGY	CO	01/01/2018	public	fastq,sra	gs,ncbi,s3	gs.US,ncbi.public,s3.us-east-1	SRX12409637	Asia	China:Shanghai	Homo	sapiens	6000	31	N	121	E	PAIRED	RANDOM	METAGENOMIC	human	gut	metagenome	ILLUMINA	2021-10-24T00:00:00Z	SRP336949		
SRR16124329	WGS	M_O_28	289	China	Illumina	NovaSeq	intestinal	fecal	12604938200	PRJNA763023	SAMN21877175	Metagenome	or	environmental	3943481200	LC-BIO	TECHNOLOGY	CO	01/01/2018	public	fastq,sra	gs,ncbi,s3	gs.US,ncbi.public,s3.us-east-1	SRX12409635	Asia	China:Shanghai	Homo	sapiens	6000	31	N	121	E	PAIRED	RANDOM	METAGENOMIC	human	gut	metagenome	ILLUMINA	2021-10-24T00:00:00Z	SRP336949		
SRR16124330	WGS	M_O_27	286	China	Illumina	NovaSeq	intestinal	fecal	27886208622	PRJNA763023	SAMN21877174	Metagenome	or	environmental	8808342263	LC-BIO	TECHNOLOGY	CO	01/01/2018	public	fastq,sra	gs,ncbi,s3	gs.US,ncbi.public,s3.us-east-1	SRX12409634	Asia	China:Shanghai	Homo	sapiens	6000	31	N	121	E	PAIRED	RANDOM	METAGENOMIC	human	gut	metagenome	ILLUMINA	2021-10-24T00:00:00Z	SRP336949		
SRR16124334	WGS	M_O_24	289	China	Illumina	NovaSeq	intestinal	fecal	11349197354	PRJNA763023	SAMN21877171	Metagenome	or	environmental	3571117258	LC-BIO	TECHNOLOGY	CO	01/01/2018	public	fastq,sra	gs,ncbi,s3	gs.US,ncbi.public,s3.us-east-1	SRX12409630	Asia	China:Shanghai	Homo	sapiens	6000	31	N	121	E	PAIRED	RANDOM	METAGENOMIC	human	gut	metagenome	ILLUMINA	2021-10-24T00:00:00Z	SRP336949		
SRR16124335	WGS	M_O_23	287	China	Illumina	NovaSeq	intestinal	fecal	11137412326	PRJNA763023	SAMN21877170	Metagenome	or	environmental	3514378052	LC-BIO	TECHNOLOGY	CO	01/01/2018	public	fastq,sra	gs,ncbi,s3	gs.US,ncbi.public,s3.us-east-1	SRX12409629	Asia	China:Shanghai	Homo	sapiens	6000	31	N	121	E	PAIRED	RANDOM	METAGENOMIC	human	gut	metagenome	ILLUMINA	2021-10-24T00:00:00Z	SRP336949		
SRR16124338	WGS	M_O_20	288	China	Illumina	NovaSeq	intestinal	fecal	8544513787	PRJNA763023	SAMN21877167	Metagenome	or	environmental	2704018575	LC-BIO	TECHNOLOGY	CO	01/01/2018	public	fastq,sra	gs,ncbi,s3	gs.US,ncbi.public,s3.us-east-1	SRX12409626	Asia	China:Shanghai	Homo	sapiens	6000	31	N	121	E	PAIRED	RANDOM	METAGENOMIC	human	gut	metagenome	ILLUMINA	2021-10-24T00:00:00Z	SRP336949		
SRR16124339	WGS	M_O_19	285	China	Illumina	NovaSeq	intestinal	fecal	10038463017	PRJNA763023	SAMN21877166	Metagenome	or	environmental	3179804538	LC-BIO	TECHNOLOGY	CO	01/01/2018	public	fastq,sra	gs,ncbi,s3	gs.US,ncbi.public,s3.us-east-1	SRX12409625	Asia	China:Shanghai	Homo	sapiens	6000	31	N	121	E	PAIRED	RANDOM	METAGENOMIC	human	gut	metagenome	ILLUMINA	2021-10-24T00:00:00Z	SRP336949		
SRR16124341	WGS	M_O_17	286	China	Illumina	NovaSeq	intestinal	fecal	8644727796	PRJNA763023	SAMN21877164	Metagenome	or	environmental	2754619368	LC-BIO	TECHNOLOGY	CO	01/01/2018	public	fastq,sra	gs,ncbi,s3	gs.US,ncbi.public,s3.us-east-1	SRX12409623	Asia	China:Shanghai	Homo	sapiens	6000	31	N	121	E	PAIRED	RANDOM	METAGENOMIC	human	gut	metagenome	ILLUMINA	2021-10-24T00:00:00Z	SRP336949		
SRR16124344	WGS	M_O_15	293	China	Illumina	NovaSeq	intestinal	fecal	9746810239	PRJNA763023	SAMN21877162	Metagenome	or	environmental	3080690413	LC-BIO	TECHNOLOGY	CO	01/01/2018	public	fastq,sra	gs,ncbi,s3	gs.US,ncbi.public,s3.us-east-1	SRX12409620	Asia	China:Shanghai	Homo	sapiens	6000	31	N	121	E	PAIRED	RANDOM	METAGENOMIC	human	gut	metagenome	ILLUMINA	2021-10-24T00:00:00Z	SRP336949		
SRR16124348	WGS	M_O_11	285	China	Illumina	NovaSeq	intestinal	fecal	9992509310	PRJNA763023	SAMN21877158	Metagenome	or	environmental	3343698985	LC-BIO	TECHNOLOGY	CO	01/01/2018	public	fastq,sra	gs,ncbi,s3	gs.US,ncbi.public,s3.us-east-1	SRX12409616	Asia	China:Shanghai	Homo	sapiens	6000	31	N	121	E	PAIRED	RANDOM	METAGENOMIC	human	gut	metagenome	ILLUMINA	2021-10-24T00:00:00Z	SRP336949		
SRR16124349	WGS	M_O_104	288	China	Illumina	NovaSeq	intestinal	fecal	9497654826	PRJNA763023	SAMN21877157	Metagenome	or	environmental	2983551630	LC-BIO	TECHNOLOGY	CO	01/01/2018	public	fastq,sra	gs,ncbi,s3	gs.US,ncbi.public,s3.us-east-1	SRX12409615	Asia	China:Shanghai	Homo	sapiens	6000	31	N	121	E	PAIRED	RANDOM	METAGENOMIC	human	gut	metagenome	ILLUMINA	2021-10-24T00:00:00Z	SRP336949		
SRR16124350	WGS	M_O_103	291	China	Illumina	NovaSeq	intestinal	fecal	10215546968	PRJNA763023	SAMN21877156	Metagenome	or	environmental	3353244001	LC-BIO	TECHNOLOGY	CO	01/01/2018	public	fastq,sra	gs,ncbi,s3	gs.US,ncbi.public,s3.us-east-1	SRX12409614	Asia	China:Shanghai	Homo	sapiens	6000	31	N	121	E	PAIRED	RANDOM	METAGENOMIC	human	gut	metagenome	ILLUMINA	2021-10-24T00:00:00Z	SRP336949		
SRR16124351	WGS	M_O_102	294	China	Illumina	NovaSeq	intestinal	fecal	9908183043	PRJNA763023	SAMN21877155	Metagenome	or	environmental	3271465629	LC-BIO	TECHNOLOGY	CO	01/01/2018	public	fastq,sra	gs,ncbi,s3	gs.US,ncbi.public,s3.us-east-1	SRX12409613	Asia	China:Shanghai	Homo	sapiens	6000	31	N	121	E	PAIRED	RANDOM	METAGENOMIC	human	gut	metagenome	ILLUMINA	2021-10-24T00:00:00Z	SRP336949		
SRR16124352	WGS	M_O_101	292	China	Illumina	NovaSeq	intestinal	fecal	11027585871	PRJNA763023	SAMN21877154	Metagenome	or	environmental	3585099115	LC-BIO	TECHNOLOGY	CO	01/01/2018	public	fastq,sra	gs,ncbi,s3	gs.US,ncbi.public,s3.us-east-1	SRX12409612	Asia	China:Shanghai	Homo	sapiens	6000	31	N	121	E	PAIRED	RANDOM	METAGENOMIC	human	gut	metagenome	ILLUMINA	2021-10-24T00:00:00Z	SRP336949		
SRR16124353	WGS	M_O_100	291	China	Illumina	NovaSeq	intestinal	fecal	10196783337	PRJNA763023	SAMN21877153	Metagenome	or	environmental	3337319646	LC-BIO	TECHNOLOGY	CO	01/01/2018	public	fastq,sra	gs,ncbi,s3	gs.US,ncbi.public,s3.us-east-1	SRX12409611	Asia	China:Shanghai	Homo	sapiens	6000	31	N	121	E	PAIRED	RANDOM	METAGENOMIC	human	gut	metagenome	ILLUMINA	2021-10-24T00:00:00Z	SRP336949		
SRR16124355	WGS	M_O_10	288	China	Illumina	NovaSeq	intestinal	fecal	11711175516	PRJNA763023	SAMN21877152	Metagenome	or	environmental	3916354763	LC-BIO	TECHNOLOGY	CO	01/01/2018	public	fastq,sra	gs,ncbi,s3	gs.US,ncbi.public,s3.us-east-1	SRX12409609	Asia	China:Shanghai	Homo	sapiens	6000	31	N	121	E	PAIRED	RANDOM	METAGENOMIC	human	gut	metagenome	ILLUMINA	2021-10-24T00:00:00Z	SRP336949		
SRR16124356	WGS	M_O_09	290	China	Illumina	NovaSeq	intestinal	fecal	13559122406	PRJNA763023	SAMN21877151	Metagenome	or	environmental	4533756658	LC-BIO	TECHNOLOGY	CO	01/01/2018	public	fastq,sra	gs,ncbi,s3	gs.US,ncbi.public,s3.us-east-1	SRX12409608	Asia	China:Shanghai	Homo	sapiens	6000	31	N	121	E	PAIRED	RANDOM	METAGENOMIC	human	gut	metagenome	ILLUMINA	2021-10-24T00:00:00Z	SRP336949		
SRR16124357	WGS	M_O_08	287	China	Illumina	NovaSeq	intestinal	fecal	9256700109	PRJNA763023	SAMN21877150	Metagenome	or	environmental	3068871568	LC-BIO	TECHNOLOGY	CO	01/01/2018	public	fastq,sra	gs,ncbi,s3	gs.US,ncbi.public,s3.us-east-1	SRX12409607	Asia	China:Shanghai	Homo	sapiens	6000	31	N	121	E	PAIRED	RANDOM	METAGENOMIC	human	gut	metagenome	ILLUMINA	2021-10-24T00:00:00Z	SRP336949		
SRR16124358	WGS	M_O_07	284	China	Illumina	NovaSeq	intestinal	fecal	11522232083	PRJNA763023	SAMN21877149	Metagenome	or	environmental	3923633210	LC-BIO	TECHNOLOGY	CO	01/01/2018	public	fastq,sra	gs,ncbi,s3	gs.US,ncbi.public,s3.us-east-1	SRX12409606	Asia	China:Shanghai	Homo	sapiens	6000	31	N	121	E	PAIRED	RANDOM	METAGENOMIC	human	gut	metagenome	ILLUMINA	2021-10-24T00:00:00Z	SRP336949		
SRR16124359	WGS	M_O_06	290	China	Illumina	NovaSeq	intestinal	fecal	11498453690	PRJNA763023	SAMN21877148	Metagenome	or	environmental	3830450394	LC-BIO	TECHNOLOGY	CO	01/01/2018	public	fastq,sra	gs,ncbi,s3	gs.US,ncbi.public,s3.us-east-1	SRX12409605	Asia	China:Shanghai	Homo	sapiens	6000	31	N	121	E	PAIRED	RANDOM	METAGENOMIC	human	gut	metagenome	ILLUMINA	2021-10-24T00:00:00Z	SRP336949		
SRR16124360	WGS	M_O_05	290	China	Illumina	NovaSeq	intestinal	fecal	11914888385	PRJNA763023	SAMN21877147	Metagenome	or	environmental	3971673687	LC-BIO	TECHNOLOGY	CO	01/01/2018	public	fastq,sra	gs,ncbi,s3	gs.US,ncbi.public,s3.us-east-1	SRX12409604	Asia	China:Shanghai	Homo	sapiens	6000	31	N	121	E	PAIRED	RANDOM	METAGENOMIC	human	gut	metagenome	ILLUMINA	2021-10-24T00:00:00Z	SRP336949		
SRR16124361	WGS	M_O_04	292	China	Illumina	NovaSeq	intestinal	fecal	11665747985	PRJNA763023	SAMN21877146	Metagenome	or	environmental	3883150301	LC-BIO	TECHNOLOGY	CO	01/01/2018	public	fastq,sra	gs,ncbi,s3	gs.US,ncbi.public,s3.us-east-1	SRX12409603	Asia	China:Shanghai	Homo	sapiens	6000	31	N	121	E	PAIRED	RANDOM	METAGENOMIC	human	gut	metagenome	ILLUMINA	2021-10-24T00:00:00Z	SRP336949		
SRR16124362	WGS	M_O_03	287	China	Illumina	NovaSeq	intestinal	fecal	11800955855	PRJNA763023	SAMN21877145	Metagenome	or	environmental	3965199222	LC-BIO	TECHNOLOGY	CO	01/01/2018	public	fastq,sra	gs,ncbi,s3	gs.US,ncbi.public,s3.us-east-1	SRX12409602	Asia	China:Shanghai	Homo	sapiens	6000	31	N	121	E	PAIRED	RANDOM	METAGENOMIC	human	gut	metagenome	ILLUMINA	2021-10-24T00:00:00Z	SRP336949		
SRR16124363	WGS	M_O_02	289	China	Illumina	NovaSeq	intestinal	fecal	11695450714	PRJNA763023	SAMN21877144	Metagenome	or	environmental	3962416005	LC-BIO	TECHNOLOGY	CO	01/01/2018	public	fastq,sra	gs,ncbi,s3	gs.US,ncbi.public,s3.us-east-1	SRX12409601	Asia	China:Shanghai	Homo	sapiens	6000	31	N	121	E	PAIRED	RANDOM	METAGENOMIC	human	gut	metagenome	ILLUMINA	2021-10-24T00:00:00Z	SRP336949		
SRR16124364	WGS	M_O_01	288	China	Illumina	NovaSeq	intestinal	fecal	11712582519	PRJNA763023	SAMN21877143	Metagenome	or	environmental	3944112229	LC-BIO	TECHNOLOGY	CO	01/01/2018	public	fastq,sra	gs,ncbi,s3	gs.US,ncbi.public,s3.us-east-1	SRX12409600	Asia	China:Shanghai	Homo	sapiens	6000	31	N	121	E	PAIRED	RANDOM	METAGENOMIC	human	gut	metagenome	ILLUMINA	2021-10-24T00:00:00Z	SRP336949		
SRR16124313	WGS	M_O_43	288	China	Illumina	NovaSeq	intestinal	fecal	10167009774	PRJNA763023	SAMN21877190	Metagenome	or	environmental	3241749718	LC-BIO	TECHNOLOGY	CO	01/01/2018	public	fastq,sra	gs,ncbi,s3	gs.US,ncbi.public,s3.us-east-1	SRX12409651	Asia	China:Shanghai	Homo	sapiens	6000	31	N	121	E	PAIRED	RANDOM	METAGENOMIC	human	gut	metagenome	ILLUMINA	2021-10-24T00:00:00Z	SRP336949		
SRR16124314	WGS	M_O_42	287	China	Illumina	NovaSeq	intestinal	fecal	11548593702	PRJNA763023	SAMN21877189	Metagenome	or	environmental	3656907897	LC-BIO	TECHNOLOGY	CO	01/01/2018	public	fastq,sra	gs,ncbi,s3	gs.US,ncbi.public,s3.us-east-1	SRX12409650	Asia	China:Shanghai	Homo	sapiens	6000	31	N	121	E	PAIRED	RANDOM	METAGENOMIC	human	gut	metagenome	ILLUMINA	2021-10-24T00:00:00Z	SRP336949		
SRR16124317	WGS	M_O_39	288	China	Illumina	NovaSeq	intestinal	fecal	12109782029	PRJNA763023	SAMN21877186	Metagenome	or	environmental	3825130388	LC-BIO	TECHNOLOGY	CO	01/01/2018	public	fastq,sra	gs,ncbi,s3	gs.US,ncbi.public,s3.us-east-1	SRX12409647	Asia	China:Shanghai	Homo	sapiens	6000	31	N	121	E	PAIRED	RANDOM	METAGENOMIC	human	gut	metagenome	ILLUMINA	2021-10-24T00:00:00Z	SRP336949		
SRR16124318	WGS	M_O_38	288	China	Illumina	NovaSeq	intestinal	fecal	10276657708	PRJNA763023	SAMN21877185	Metagenome	or	environmental	3233395842	LC-BIO	TECHNOLOGY	CO	01/01/2018	public	fastq,sra	gs,ncbi,s3	gs.US,ncbi.public,s3.us-east-1	SRX12409646	Asia	China:Shanghai	Homo	sapiens	6000	31	N	121	E	PAIRED	RANDOM	METAGENOMIC	human	gut	metagenome	ILLUMINA	2021-10-24T00:00:00Z	SRP336949		
SRR16124324	WGS	M_O_33	289	China	Illumina	NovaSeq	intestinal	fecal	10655266278	PRJNA763023	SAMN21877180	Metagenome	or	environmental	3345324668	LC-BIO	TECHNOLOGY	CO	01/01/2018	public	fastq,sra	gs,ncbi,s3	gs.US,ncbi.public,s3.us-east-1	SRX12409640	Asia	China:Shanghai	Homo	sapiens	6000	31	N	121	E	PAIRED	RANDOM	METAGENOMIC	human	gut	metagenome	ILLUMINA	2021-10-24T00:00:00Z	SRP336949		
SRR16124325	WGS	M_O_32	289	China	Illumina	NovaSeq	intestinal	fecal	10051427014	PRJNA763023	SAMN21877179	Metagenome	or	environmental	3173969301	LC-BIO	TECHNOLOGY	CO	01/01/2018	public	fastq,sra	gs,ncbi,s3	gs.US,ncbi.public,s3.us-east-1	SRX12409639	Asia	China:Shanghai	Homo	sapiens	6000	31	N	121	E	PAIRED	RANDOM	METAGENOMIC	human	gut	metagenome	ILLUMINA	2021-10-24T00:00:00Z	SRP336949		
SRR16124328	WGS	M_O_29	289	China	Illumina	NovaSeq	intestinal	fecal	10451725277	PRJNA763023	SAMN21877176	Metagenome	or	environmental	3284884884	LC-BIO	TECHNOLOGY	CO	01/01/2018	public	fastq,sra	gs,ncbi,s3	gs.US,ncbi.public,s3.us-east-1	SRX12409636	Asia	China:Shanghai	Homo	sapiens	6000	31	N	121	E	PAIRED	RANDOM	METAGENOMIC	human	gut	metagenome	ILLUMINA	2021-10-24T00:00:00Z	SRP336949		
SRR16124331	WGS	M_O_26	278	China	Illumina	NovaSeq	intestinal	fecal	7808561211	PRJNA763023	SAMN21877173	Metagenome	or	environmental	2466737599	LC-BIO	TECHNOLOGY	CO	01/01/2018	public	fastq,sra	gs,ncbi,s3	gs.US,ncbi.public,s3.us-east-1	SRX12409633	Asia	China:Shanghai	Homo	sapiens	6000	31	N	121	E	PAIRED	RANDOM	METAGENOMIC	human	gut	metagenome	ILLUMINA	2021-10-24T00:00:00Z	SRP336949		
SRR16124333	WGS	M_O_25	291	China	Illumina	NovaSeq	intestinal	fecal	9858263097	PRJNA763023	SAMN21877172	Metagenome	or	environmental	3067556398	LC-BIO	TECHNOLOGY	CO	01/01/2018	public	fastq,sra	gs,ncbi,s3	gs.US,ncbi.public,s3.us-east-1	SRX12409631	Asia	China:Shanghai	Homo	sapiens	6000	31	N	121	E	PAIRED	RANDOM	METAGENOMIC	human	gut	metagenome	ILLUMINA	2021-10-24T00:00:00Z	SRP336949		
SRR16124336	WGS	M_O_22	286	China	Illumina	NovaSeq	intestinal	fecal	10826397140	PRJNA763023	SAMN21877169	Metagenome	or	environmental	3440058221	LC-BIO	TECHNOLOGY	CO	01/01/2018	public	fastq,sra	gs,ncbi,s3	gs.US,ncbi.public,s3.us-east-1	SRX12409628	Asia	China:Shanghai	Homo	sapiens	6000	31	N	121	E	PAIRED	RANDOM	METAGENOMIC	human	gut	metagenome	ILLUMINA	2021-10-24T00:00:00Z	SRP336949		
SRR16124337	WGS	M_O_21	288	China	Illumina	NovaSeq	intestinal	fecal	7709463483	PRJNA763023	SAMN21877168	Metagenome	or	environmental	2471543561	LC-BIO	TECHNOLOGY	CO	01/01/2018	public	fastq,sra	gs,ncbi,s3	gs.US,ncbi.public,s3.us-east-1	SRX12409627	Asia	China:Shanghai	Homo	sapiens	6000	31	N	121	E	PAIRED	RANDOM	METAGENOMIC	human	gut	metagenome	ILLUMINA	2021-10-24T00:00:00Z	SRP336949		
SRR16124340	WGS	M_O_18	288	China	Illumina	NovaSeq	intestinal	fecal	8266957942	PRJNA763023	SAMN21877165	Metagenome	or	environmental	2618793988	LC-BIO	TECHNOLOGY	CO	01/01/2018	public	fastq,sra	gs,ncbi,s3	gs.US,ncbi.public,s3.us-east-1	SRX12409624	Asia	China:Shanghai	Homo	sapiens	6000	31	N	121	E	PAIRED	RANDOM	METAGENOMIC	human	gut	metagenome	ILLUMINA	2021-10-24T00:00:00Z	SRP336949		
SRR16124342	WGS	M_O_16	287	China	Illumina	NovaSeq	intestinal	fecal	14259449323	PRJNA763023	SAMN21877163	Metagenome	or	environmental	4473732306	LC-BIO	TECHNOLOGY	CO	01/01/2018	public	fastq,sra	gs,ncbi,s3	gs.US,ncbi.public,s3.us-east-1	SRX12409622	Asia	China:Shanghai	Homo	sapiens	6000	31	N	121	E	PAIRED	RANDOM	METAGENOMIC	human	gut	metagenome	ILLUMINA	2021-10-24T00:00:00Z	SRP336949		
SRR16124345	WGS	M_O_14	286	China	Illumina	NovaSeq	intestinal	fecal	11050941208	PRJNA763023	SAMN21877161	Metagenome	or	environmental	3581619089	LC-BIO	TECHNOLOGY	CO	01/01/2018	public	fastq,sra	gs,ncbi,s3	gs.US,ncbi.public,s3.us-east-1	SRX12409619	Asia	China:Shanghai	Homo	sapiens	6000	31	N	121	E	PAIRED	RANDOM	METAGENOMIC	human	gut	metagenome	ILLUMINA	2021-10-24T00:00:00Z	SRP336949		
SRR16124346	WGS	M_O_13	280	China	Illumina	NovaSeq	intestinal	fecal	12840396116	PRJNA763023	SAMN21877160	Metagenome	or	environmental	4169840451	LC-BIO	TECHNOLOGY	CO	01/01/2018	public	fastq,sra	gs,ncbi,s3	gs.US,ncbi.public,s3.us-east-1	SRX12409618	Asia	China:Shanghai	Homo	sapiens	6000	31	N	121	E	PAIRED	RANDOM	METAGENOMIC	human	gut	metagenome	ILLUMINA	2021-10-24T00:00:00Z	SRP336949		
SRR16124347	WGS	M_O_12	288	China	Illumina	NovaSeq	intestinal	fecal	9634762560	PRJNA763023	SAMN21877159	Metagenome	or	environmental	3233329162	LC-BIO	TECHNOLOGY	CO	01/01/2018	public	fastq,sra	gs,ncbi,s3	gs.US,ncbi.public,s3.us-east-1	SRX12409617	Asia	China:Shanghai	Homo	sapiens	6000	31	N	121	E	PAIRED	RANDOM	METAGENOMIC	human	gut	metagenome	ILLUMINA	2021-10-24T00:00:00Z	SRP336949		
